video_id,path,category,ad_folder,video_label,bio_label,bio_start,bio_end,duration_sec
5d48bd2e0f374462e60e63d068a0ec62,/content/drive/MyDrive/NeuroBioSense_Dataset/NeuroBioSense/Advertisement Categories/Car_and_Technology/25/A05/N/01.mp4,Car_and_Technology,N,0,5,30923,30967,10.923833333333333
5bb4cb730b9cc2b481569bf1193a4a9d,/content/drive/MyDrive/NeuroBioSense_Dataset/NeuroBioSense/Advertisement Categories/Car_and_Technology/25/A09/A/01.mp4,Car_and_Technology,A,1,2,140337,140373,8.946977777777777
d47e3baac609588366f5797d8f698c42,/content/drive/MyDrive/NeuroBioSense_Dataset/NeuroBioSense/Advertisement Categories/Car_and_Technology/25/A02/J/01.mp4,Car_and_Technology,J,4,6,81707,81723,3.890144444444444
10347b8aa076b95589970ca0401ef6ce,/content/drive/MyDrive/NeuroBioSense_Dataset/NeuroBioSense/Advertisement Categories/Car_and_Technology/25/A10/J/01.mp4,Car_and_Technology,J,4,0,13645,13664,4.733333333333333
e910466c920ee887ebbdfd842e589851,/content/drive/MyDrive/NeuroBioSense_Dataset/NeuroBioSense/Advertisement Categories/Car_and_Technology/25/A08/N/01.mp4,Car_and_Technology,N,0,4,109853,109898,11.355455555555556
daf4ac5a7d1207314bdbc5bf8b48cf29,/content/drive/MyDrive/NeuroBioSense_Dataset/NeuroBioSense/Advertisement Categories/Car_and_Technology/25/A04/J/01.mp4,Car_and_Technology,J,4,4,1741,1801,14.929977777777777
fbdf0590147c90bc3affb5c35b7d9464,/content/drive/MyDrive/NeuroBioSense_Dataset/NeuroBioSense/Advertisement Categories/Car_and_Technology/25/A06/J/01.mp4,Car_and_Technology,J,4,6,68668,68677,2.3333333333333335
2329a5a7bc234bcd1765507f273dc059,/content/drive/MyDrive/NeuroBioSense_Dataset/NeuroBioSense/Advertisement Categories/Car_and_Technology/25/A06/D/01.mp4,Car_and_Technology,D,2,4,44359,44370,2.764988888888889
36e31cebf84006583c6c06f6849fb11b,/content/drive/MyDrive/NeuroBioSense_Dataset/NeuroBioSense/Advertisement Categories/Car_and_Technology/25/A07/N/01.mp4,Car_and_Technology,N,0,4,60195,60247,12.982133333333334
5a6fb83112c8207116451243a78466a2,/content/drive/MyDrive/NeuroBioSense_Dataset/NeuroBioSense/Advertisement Categories/Car_and_Technology/25/A03/N/01.mp4,Car_and_Technology,N,0,6,65963,66001,9.5633
2d4cfdb908f2b2af28e2933aac3478ac,/content/drive/MyDrive/NeuroBioSense_Dataset/NeuroBioSense/Advertisement Categories/Car_and_Technology/25/A01/N/01.mp4,Car_and_Technology,N,0,4,33007,33033,6.3904555555555556
2f0f651cc4c4b4fa0b343d74986aa77d,/content/drive/MyDrive/NeuroBioSense_Dataset/NeuroBioSense/Advertisement Categories/Car_and_Technology/21/A07/J/01.mp4,Car_and_Technology,J,4,6,98274,98300,6.548733333333334
359300cdf4c5dbd712fad941ab2440f2,/content/drive/MyDrive/NeuroBioSense_Dataset/NeuroBioSense/Advertisement Categories/Car_and_Technology/21/A08/SU/01.mp4,Car_and_Technology,SU,6,6,118704,118737,8.37218888888889
bfcfb921fb112ac2df8759cbd787e3c0,/content/drive/MyDrive/NeuroBioSense_Dataset/NeuroBioSense/Advertisement Categories/Car_and_Technology/21/A09/J/01.mp4,Car_and_Technology,J,4,4,79955,79971,3.901988888888889
c2a13920633e0b4f247fd7982eb52555,/content/drive/MyDrive/NeuroBioSense_Dataset/NeuroBioSense/Advertisement Categories/Car_and_Technology/21/A02/J/01.mp4,Car_and_Technology,J,4,0,18577,18594,4.132188888888889
b4fc134da86e956a8f6126e90b42731d,/content/drive/MyDrive/NeuroBioSense_Dataset/NeuroBioSense/Advertisement Categories/Car_and_Technology/21/A03/N/01.mp4,Car_and_Technology,N,0,6,59973,60000,6.740066666666666
70a4ae3fca2f3949e6e8b4676ae71db5,/content/drive/MyDrive/NeuroBioSense_Dataset/NeuroBioSense/Advertisement Categories/Car_and_Technology/21/A10/SU/01.mp4,Car_and_Technology,SU,6,6,89883,89900,4.163322222222222
e33bea707c8acd49347356477b8d17d6,/content/drive/MyDrive/NeuroBioSense_Dataset/NeuroBioSense/Advertisement Categories/Car_and_Technology/21/A04/F/01.mp4,Car_and_Technology,F,3,6,5069,5086,4.263677777777778
7d0ee8e504b92c2fbd67feda0920a6db,/content/drive/MyDrive/NeuroBioSense_Dataset/NeuroBioSense/Advertisement Categories/Car_and_Technology/21/A05/J/01.mp4,Car_and_Technology,J,4,4,66872,66930,14.533866666666666
410a0d747b9310f373de7da94fbca99f,/content/drive/MyDrive/NeuroBioSense_Dataset/NeuroBioSense/Advertisement Categories/Car_and_Technology/21/A01/N/01.mp4,Car_and_Technology,N,0,4,143968,143990,5.4287777777777775
da903848a9cf525ee9cda2e0d79f4f65,/content/drive/MyDrive/NeuroBioSense_Dataset/NeuroBioSense/Advertisement Categories/Car_and_Technology/21/A06/J/01.mp4,Car_and_Technology,J,4,1,31353,31382,7.202066666666667
2540d4b04c6fed228233ea3033d6babd,/content/drive/MyDrive/NeuroBioSense_Dataset/NeuroBioSense/Advertisement Categories/Car_and_Technology/22/A07/SU/01.mp4,Car_and_Technology,SU,6,4,11300,11319,4.8652444444444445
b45988b74a24c039d82becba6310e6f8,/content/drive/MyDrive/NeuroBioSense_Dataset/NeuroBioSense/Advertisement Categories/Car_and_Technology/22/A02/J/02.mp4,Car_and_Technology,J,4,4,119147,119168,5.164988888888889
578a1e292b98e6effceaab7fd10fc39f,/content/drive/MyDrive/NeuroBioSense_Dataset/NeuroBioSense/Advertisement Categories/Car_and_Technology/22/A02/J/01.mp4,Car_and_Technology,J,4,6,93489,93502,3.140233333333333
e25b7b542cf01f2100ef192fd431b3ac,/content/drive/MyDrive/NeuroBioSense_Dataset/NeuroBioSense/Advertisement Categories/Car_and_Technology/22/A09/J/01.mp4,Car_and_Technology,J,4,6,57342,57366,5.963311111111111
79417011672a0d5f988e7405f2ec2932,/content/drive/MyDrive/NeuroBioSense_Dataset/NeuroBioSense/Advertisement Categories/Car_and_Technology/22/A09/SU/01.mp4,Car_and_Technology,SU,6,6,84212,84239,6.768311111111111
ca6af629fbb8e80a7536732347ee9283,/content/drive/MyDrive/NeuroBioSense_Dataset/NeuroBioSense/Advertisement Categories/Car_and_Technology/22/A04/J/01.mp4,Car_and_Technology,J,4,6,67992,68032,10.001655555555555
c6e769a520e1d1ebc541393ccbf9dade,/content/drive/MyDrive/NeuroBioSense_Dataset/NeuroBioSense/Advertisement Categories/Car_and_Technology/22/A04/SU/01.mp4,Car_and_Technology,SU,6,2,1167,1181,3.558677777777778
a04b1d2bfd553e31e1ba8a4ec8dca547,/content/drive/MyDrive/NeuroBioSense_Dataset/NeuroBioSense/Advertisement Categories/Car_and_Technology/22/A06/SU/01.mp4,Car_and_Technology,SU,6,5,139116,139127,2.666933333333333
65c551b18ab60ac42c096d2a4ac76fab,/content/drive/MyDrive/NeuroBioSense_Dataset/NeuroBioSense/Advertisement Categories/Car_and_Technology/22/A03/SU/01.mp4,Car_and_Technology,SU,6,5,26615,26620,1.2734
4e07256da88cc3328cb6a60675770c70,/content/drive/MyDrive/NeuroBioSense_Dataset/NeuroBioSense/Advertisement Categories/Car_and_Technology/22/A03/J/02.mp4,Car_and_Technology,J,4,0,50462,50479,4.129988888888889
7592d3d690d170995586d755345429ce,/content/drive/MyDrive/NeuroBioSense_Dataset/NeuroBioSense/Advertisement Categories/Car_and_Technology/22/A03/J/01.mp4,Car_and_Technology,J,4,6,88708,88742,8.568822222222222
a51c440adbca63533a1d41a6f14a63d2,/content/drive/MyDrive/NeuroBioSense_Dataset/NeuroBioSense/Advertisement Categories/Car_and_Technology/22/A01/J/01.mp4,Car_and_Technology,J,4,1,132075,132086,2.658311111111111
e42aefa15cfb89cd811f339f8d558fdd,/content/drive/MyDrive/NeuroBioSense_Dataset/NeuroBioSense/Advertisement Categories/Car_and_Technology/22/A08/SU/01.mp4,Car_and_Technology,SU,6,6,9141,9151,2.3801444444444444
1905d9b5565518362e3dc863638de876,/content/drive/MyDrive/NeuroBioSense_Dataset/NeuroBioSense/Advertisement Categories/Car_and_Technology/22/A05/N/01.mp4,Car_and_Technology,N,0,4,58382,58416,8.531644444444444
c7be3f09e1ff6e3cb028056a82458929,/content/drive/MyDrive/NeuroBioSense_Dataset/NeuroBioSense/Advertisement Categories/Car_and_Technology/22/A10/SU/01.mp4,Car_and_Technology,SU,6,4,2769,2783,3.398566666666667
951bf8e18d62891866abed3961d423ac,/content/drive/MyDrive/NeuroBioSense_Dataset/NeuroBioSense/Advertisement Categories/Car_and_Technology/22/A10/SU/02.mp4,Car_and_Technology,SU,6,4,21340,21355,3.8366444444444445
fd700b7cff30dfe5538b82cf4994356a,/content/drive/MyDrive/NeuroBioSense_Dataset/NeuroBioSense/Advertisement Categories/Car_and_Technology/24/A01/N/01.mp4,Car_and_Technology,N,0,2,30062,30102,9.977122222222222
e4ec468d0b79dcd2de5fdf4fb8b2f608,/content/drive/MyDrive/NeuroBioSense_Dataset/NeuroBioSense/Advertisement Categories/Car_and_Technology/24/A08/J/01.mp4,Car_and_Technology,J,4,2,124607,124614,1.66
736c7f28667190e4e2cb4e1dabaab964,/content/drive/MyDrive/NeuroBioSense_Dataset/NeuroBioSense/Advertisement Categories/Car_and_Technology/24/A08/SU/01.mp4,Car_and_Technology,SU,6,3,67138,67153,3.6353555555555555
fd39fca4a08428dc26c0db22303b305a,/content/drive/MyDrive/NeuroBioSense_Dataset/NeuroBioSense/Advertisement Categories/Car_and_Technology/24/A10/N/01.mp4,Car_and_Technology,N,0,4,50925,50954,7.2671
039a9179687374a21edb60e313d9fe07,/content/drive/MyDrive/NeuroBioSense_Dataset/NeuroBioSense/Advertisement Categories/Car_and_Technology/24/A07/J/01.mp4,Car_and_Technology,J,4,3,77854,77911,14.191644444444444
8764bcd87668b0b2a35ab3dd288ba3fe,/content/drive/MyDrive/NeuroBioSense_Dataset/NeuroBioSense/Advertisement Categories/Car_and_Technology/24/A06/J/01.mp4,Car_and_Technology,J,4,5,53214,53258,11.058755555555555
13c34a07cc183d7d7da75cede975a474,/content/drive/MyDrive/NeuroBioSense_Dataset/NeuroBioSense/Advertisement Categories/Car_and_Technology/24/A09/SA/01.mp4,Car_and_Technology,SA,5,4,102521,102562,10.320455555555556
eb6eda9f7e719a6b0964cb101082ba07,/content/drive/MyDrive/NeuroBioSense_Dataset/NeuroBioSense/Advertisement Categories/Car_and_Technology/24/A02/J/01.mp4,Car_and_Technology,J,4,6,59699,59739,9.918777777777779
b47a0dbdfea48defd7d65d106e07257d,/content/drive/MyDrive/NeuroBioSense_Dataset/NeuroBioSense/Advertisement Categories/Car_and_Technology/24/A04/J/01.mp4,Car_and_Technology,J,4,2,43913,43952,9.785466666666666
7fb474602b8e7f8d186e95f17f22fb66,/content/drive/MyDrive/NeuroBioSense_Dataset/NeuroBioSense/Advertisement Categories/Car_and_Technology/24/A03/N/01.mp4,Car_and_Technology,N,0,2,115077,115122,11.193322222222223
cc8be8d6cad568bdb1428be5832f3518,/content/drive/MyDrive/NeuroBioSense_Dataset/NeuroBioSense/Advertisement Categories/Car_and_Technology/24/A05/D/01.mp4,Car_and_Technology,D,2,4,41362,41415,13.251644444444445
fa7701bbcee455395e88daf884a480f6,/content/drive/MyDrive/NeuroBioSense_Dataset/NeuroBioSense/Advertisement Categories/Car_and_Technology/30/A03/SU/02.mp4,Car_and_Technology,SU,6,0,134986,135001,3.6252444444444443
c8a84766a1b1bae216b22a8cb2ebc391,/content/drive/MyDrive/NeuroBioSense_Dataset/NeuroBioSense/Advertisement Categories/Car_and_Technology/30/A03/SU/01.mp4,Car_and_Technology,SU,6,6,129590,129612,5.592144444444444
a4675e847b564773b33750dfb003b72f,/content/drive/MyDrive/NeuroBioSense_Dataset/NeuroBioSense/Advertisement Categories/Car_and_Technology/30/A03/J/01.mp4,Car_and_Technology,J,4,1,73513,73534,5.330477777777777
e49e54dd04e9e2e6367997d87b97c46b,/content/drive/MyDrive/NeuroBioSense_Dataset/NeuroBioSense/Advertisement Categories/Car_and_Technology/30/A03/A/01.mp4,Car_and_Technology,A,1,6,13444,13450,1.523311111111111
d3c41cf63c59622bac4ec3603dd833e9,/content/drive/MyDrive/NeuroBioSense_Dataset/NeuroBioSense/Advertisement Categories/Car_and_Technology/30/A03/F/01.mp4,Car_and_Technology,F,3,3,94709,94717,2.124911111111111
9cfd35b842c7992dca9a73c9a7587565,/content/drive/MyDrive/NeuroBioSense_Dataset/NeuroBioSense/Advertisement Categories/Car_and_Technology/30/A01/A/01.mp4,Car_and_Technology,A,1,4,34624,34631,1.8065777777777778
10149768fffb3cb1a434749261fe46d4,/content/drive/MyDrive/NeuroBioSense_Dataset/NeuroBioSense/Advertisement Categories/Car_and_Technology/30/A01/J/01.mp4,Car_and_Technology,J,4,5,53296,53312,4.051988888888889
d2badfdde4fc88c4e319b2b420187d43,/content/drive/MyDrive/NeuroBioSense_Dataset/NeuroBioSense/Advertisement Categories/Car_and_Technology/30/A01/SU/01.mp4,Car_and_Technology,SU,6,4,56818,56831,3.3735444444444442
5c5c58f68afaa1d874bbdcc2a4b679c0,/content/drive/MyDrive/NeuroBioSense_Dataset/NeuroBioSense/Advertisement Categories/Car_and_Technology/30/A08/N/01.mp4,Car_and_Technology,N,0,6,85116,85147,7.837033333333334
12106ba184524b9dc65249d66f791d26,/content/drive/MyDrive/NeuroBioSense_Dataset/NeuroBioSense/Advertisement Categories/Car_and_Technology/30/A09/F/01.mp4,Car_and_Technology,F,3,4,38611,38645,8.4071
173edf8009b0937aeddf2d4d1e236842,/content/drive/MyDrive/NeuroBioSense_Dataset/NeuroBioSense/Advertisement Categories/Car_and_Technology/30/A09/J/01.mp4,Car_and_Technology,J,4,3,103839,103855,4.121655555555555
38e1478af2bf0db22348421387562836,/content/drive/MyDrive/NeuroBioSense_Dataset/NeuroBioSense/Advertisement Categories/Car_and_Technology/30/A07/J/01.mp4,Car_and_Technology,J,4,4,107277,107297,4.9303333333333335
18a4119cc7c7835434f947f9c8598009,/content/drive/MyDrive/NeuroBioSense_Dataset/NeuroBioSense/Advertisement Categories/Car_and_Technology/30/A07/SU/01.mp4,Car_and_Technology,SU,6,4,117046,117068,5.5
746bad67499a7f0d29f40e53f2d25ea2,/content/drive/MyDrive/NeuroBioSense_Dataset/NeuroBioSense/Advertisement Categories/Car_and_Technology/30/A10/N/01.mp4,Car_and_Technology,N,0,6,104372,104401,7.293322222222222
f553c5b234919a8e6d845b99435192b8,/content/drive/MyDrive/NeuroBioSense_Dataset/NeuroBioSense/Advertisement Categories/Car_and_Technology/30/A04/J/01.mp4,Car_and_Technology,J,4,3,61410,61427,4.213611111111111
59bc555a4a8de93f0396d9dacdde943a,/content/drive/MyDrive/NeuroBioSense_Dataset/NeuroBioSense/Advertisement Categories/Car_and_Technology/30/A04/F/01.mp4,Car_and_Technology,F,3,4,26002,26030,7.0587333333333335
db07d94f340df6eeab77d6f81897bc3b,/content/drive/MyDrive/NeuroBioSense_Dataset/NeuroBioSense/Advertisement Categories/Car_and_Technology/30/A04/SU/01.mp4,Car_and_Technology,SU,6,4,80960,80978,4.575388888888889
d20c40f5408bb4880102f0f9a70c5bee,/content/drive/MyDrive/NeuroBioSense_Dataset/NeuroBioSense/Advertisement Categories/Car_and_Technology/30/A06/SA/01.mp4,Car_and_Technology,SA,5,0,39042,39057,3.719977777777778
1644d8f84441ca80c03698271186f4c8,/content/drive/MyDrive/NeuroBioSense_Dataset/NeuroBioSense/Advertisement Categories/Car_and_Technology/30/A02/SU/01.mp4,Car_and_Technology,SU,6,6,78557,78569,2.928311111111111
b8df1cc0a1cdef518c4e58d7638d83f6,/content/drive/MyDrive/NeuroBioSense_Dataset/NeuroBioSense/Advertisement Categories/Car_and_Technology/30/A02/J/01.mp4,Car_and_Technology,J,4,6,137963,137988,6.364988888888889
b4f6a7591e299b37b91b5f8bd3acce36,/content/drive/MyDrive/NeuroBioSense_Dataset/NeuroBioSense/Advertisement Categories/Car_and_Technology/30/A05/J/01.mp4,Car_and_Technology,J,4,5,123597,123623,6.558311111111111
6fa13be61cfdbfad223bae8ba978d7f0,/content/drive/MyDrive/NeuroBioSense_Dataset/NeuroBioSense/Advertisement Categories/Car_and_Technology/30/A05/A/01.mp4,Car_and_Technology,A,1,4,65035,65059,6.026644444444445
d5057752c6e62ec3b2283ce6b73a7c1e,/content/drive/MyDrive/NeuroBioSense_Dataset/NeuroBioSense/Advertisement Categories/Car_and_Technology/30/A05/SU/01.mp4,Car_and_Technology,SU,6,1,7172,7182,2.4051555555555555
ae0d274cc6cc2acdd2678f6e0960a427,/content/drive/MyDrive/NeuroBioSense_Dataset/NeuroBioSense/Advertisement Categories/Car_and_Technology/37/A06/J/01.mp4,Car_and_Technology,J,4,3,83480,83496,4.026655555555555
2beb7dde95ec9635cde62f0df73f23a1,/content/drive/MyDrive/NeuroBioSense_Dataset/NeuroBioSense/Advertisement Categories/Car_and_Technology/37/A08/SU/01.mp4,Car_and_Technology,SU,6,6,99314,99321,1.6582999999999999
512baaca774e2d63e77cf46103664d2a,/content/drive/MyDrive/NeuroBioSense_Dataset/NeuroBioSense/Advertisement Categories/Car_and_Technology/37/A08/J/01.mp4,Car_and_Technology,J,4,2,128165,128175,2.559988888888889
cc103bbef16875b72adb2971ec8cc97b,/content/drive/MyDrive/NeuroBioSense_Dataset/NeuroBioSense/Advertisement Categories/Car_and_Technology/37/A04/J/01.mp4,Car_and_Technology,J,4,6,93023,93038,3.8233222222222225
959e3806fa5be3be21c60e5ace88be31,/content/drive/MyDrive/NeuroBioSense_Dataset/NeuroBioSense/Advertisement Categories/Car_and_Technology/37/A04/SU/01.mp4,Car_and_Technology,SU,6,2,115980,115986,1.6233111111111111
38455b5a55eed7036aee1ae9827edaaa,/content/drive/MyDrive/NeuroBioSense_Dataset/NeuroBioSense/Advertisement Categories/Car_and_Technology/37/A04/SA/01.mp4,Car_and_Technology,SA,5,0,119372,119376,1.0199888888888888
49b6f085fe2d79d17a9a3cbba74ac88a,/content/drive/MyDrive/NeuroBioSense_Dataset/NeuroBioSense/Advertisement Categories/Car_and_Technology/37/A09/J/01.mp4,Car_and_Technology,J,4,4,16285,16297,3.017811111111111
d5b15f3e1b4e64a1d4a4986fa171c0e3,/content/drive/MyDrive/NeuroBioSense_Dataset/NeuroBioSense/Advertisement Categories/Car_and_Technology/37/A01/J/01.mp4,Car_and_Technology,J,4,6,73816,73820,1.0316555555555555
57d614e99895b330270c72dcfb720d5a,/content/drive/MyDrive/NeuroBioSense_Dataset/NeuroBioSense/Advertisement Categories/Car_and_Technology/37/A03/SU/01.mp4,Car_and_Technology,SU,6,3,57846,57854,1.8883222222222222
fdbf6b94ce4c121c260c92569adbeab4,/content/drive/MyDrive/NeuroBioSense_Dataset/NeuroBioSense/Advertisement Categories/Car_and_Technology/37/A03/SA/01.mp4,Car_and_Technology,SA,5,6,42360,42368,1.9316444444444445
6cffee496ca9d760a373222ce486d9bf,/content/drive/MyDrive/NeuroBioSense_Dataset/NeuroBioSense/Advertisement Categories/Car_and_Technology/37/A10/SA/01.mp4,Car_and_Technology,SA,5,4,9641,9645,1.0283111111111112
2d880adb8203f9cdd169e5c6bda4d3e4,/content/drive/MyDrive/NeuroBioSense_Dataset/NeuroBioSense/Advertisement Categories/Car_and_Technology/37/A10/J/01.mp4,Car_and_Technology,J,4,4,70733,70740,1.7149666666666665
30ae2a604557af638975a448e0a6f6dc,/content/drive/MyDrive/NeuroBioSense_Dataset/NeuroBioSense/Advertisement Categories/Car_and_Technology/37/A07/A/01.mp4,Car_and_Technology,A,1,4,126997,127014,4.263311111111111
51695005595ebbd9082341d6640b8b88,/content/drive/MyDrive/NeuroBioSense_Dataset/NeuroBioSense/Advertisement Categories/Car_and_Technology/37/A05/J/01.mp4,Car_and_Technology,J,4,4,52317,52335,4.555422222222222
3bd704c8436a63320c33e7653bc01b4e,/content/drive/MyDrive/NeuroBioSense_Dataset/NeuroBioSense/Advertisement Categories/Car_and_Technology/37/A05/A/01.mp4,Car_and_Technology,A,1,4,11272,11293,5.225311111111111
513da563ce82b377165665a97d84518f,/content/drive/MyDrive/NeuroBioSense_Dataset/NeuroBioSense/Advertisement Categories/Car_and_Technology/37/A02/N/01.mp4,Car_and_Technology,N,0,6,57512,57526,3.423322222222222
503ef7197278a26fdbc4a5c4d08e3a5e,/content/drive/MyDrive/NeuroBioSense_Dataset/NeuroBioSense/Advertisement Categories/Car_and_Technology/23/A03/F/01.mp4,Car_and_Technology,F,3,4,138843,138858,3.761833333333333
47f53c2416da974ed9ee96a0a6742e41,/content/drive/MyDrive/NeuroBioSense_Dataset/NeuroBioSense/Advertisement Categories/Car_and_Technology/23/A06/N/01.mp4,Car_and_Technology,N,0,3,112258,112283,6.253744444444444
0c0ac36918f02de3ba0d3af0c72c1a4a,/content/drive/MyDrive/NeuroBioSense_Dataset/NeuroBioSense/Advertisement Categories/Car_and_Technology/23/A09/N/01.mp4,Car_and_Technology,N,0,3,27478,27497,4.728311111111111
093869541c5d68ce464cb5cfb184cd1c,/content/drive/MyDrive/NeuroBioSense_Dataset/NeuroBioSense/Advertisement Categories/Car_and_Technology/23/A01/A/01.mp4,Car_and_Technology,A,1,4,81973,81989,3.9837666666666665
ecafab11136efffe437c8c38a48f0d91,/content/drive/MyDrive/NeuroBioSense_Dataset/NeuroBioSense/Advertisement Categories/Car_and_Technology/23/A01/SU/01.mp4,Car_and_Technology,SU,6,5,142660,142668,2.015022222222222
71d958cb91f74eef583fad8c847fcc1a,/content/drive/MyDrive/NeuroBioSense_Dataset/NeuroBioSense/Advertisement Categories/Car_and_Technology/23/A07/SA/01.mp4,Car_and_Technology,SA,5,0,118691,118732,10.322055555555556
0b1ea10fa172992aaf0c95213ccaf90a,/content/drive/MyDrive/NeuroBioSense_Dataset/NeuroBioSense/Advertisement Categories/Car_and_Technology/23/A08/SA/01.mp4,Car_and_Technology,SA,5,4,11903,11919,4.102
0657e16515341eca167ad9fed553b347,/content/drive/MyDrive/NeuroBioSense_Dataset/NeuroBioSense/Advertisement Categories/Car_and_Technology/23/A04/N/01.mp4,Car_and_Technology,N,0,6,113182,113215,8.198311111111112
e59ab01224e5e01b1f87a92a5f59bed0,/content/drive/MyDrive/NeuroBioSense_Dataset/NeuroBioSense/Advertisement Categories/Car_and_Technology/23/A10/J/01.mp4,Car_and_Technology,J,4,6,96788,96802,3.6035666666666666
0873e40032dc2b4ad54eb20edd11070d,/content/drive/MyDrive/NeuroBioSense_Dataset/NeuroBioSense/Advertisement Categories/Car_and_Technology/23/A05/SA/01.mp4,Car_and_Technology,SA,5,0,17769,17776,1.6466666666666667
ab46f29bbdd9a1667b3ec69e3c54c971,/content/drive/MyDrive/NeuroBioSense_Dataset/NeuroBioSense/Advertisement Categories/Car_and_Technology/23/A02/J/01.mp4,Car_and_Technology,J,4,4,52328,52340,2.933333333333333
d29b8b935a64e6032bfda99502f06434,/content/drive/MyDrive/NeuroBioSense_Dataset/NeuroBioSense/Advertisement Categories/Car_and_Technology/19/A07/SU/01.mp4,Car_and_Technology,SU,6,0,140682,140693,2.783333333333333
014038193bfbb0f62a34655d403e1937,/content/drive/MyDrive/NeuroBioSense_Dataset/NeuroBioSense/Advertisement Categories/Car_and_Technology/19/A09/J/01.mp4,Car_and_Technology,J,4,4,122973,122987,3.6
163e59715886bae926cd0d3fc9eba417,/content/drive/MyDrive/NeuroBioSense_Dataset/NeuroBioSense/Advertisement Categories/Car_and_Technology/19/A05/J/01.mp4,Car_and_Technology,J,4,6,98403,98447,10.95328888888889
a8217a4f78ab030739041a206c5cd6f4,/content/drive/MyDrive/NeuroBioSense_Dataset/NeuroBioSense/Advertisement Categories/Car_and_Technology/19/A05/SU/01.mp4,Car_and_Technology,SU,6,5,43893,43901,1.9333333333333333
cdb2fbfb666a3e0375cd502d8ac85cdf,/content/drive/MyDrive/NeuroBioSense_Dataset/NeuroBioSense/Advertisement Categories/Car_and_Technology/19/A01/N/01.mp4,Car_and_Technology,N,0,6,81442,81456,3.5833333333333335
1eda34090930881e024709acee06e412,/content/drive/MyDrive/NeuroBioSense_Dataset/NeuroBioSense/Advertisement Categories/Car_and_Technology/19/A08/SU/01.mp4,Car_and_Technology,SU,6,6,77107,77134,6.704977777777778
cf9f71c3748eafc34f1c5c2cf178e1ae,/content/drive/MyDrive/NeuroBioSense_Dataset/NeuroBioSense/Advertisement Categories/Car_and_Technology/19/A06/SU/01.mp4,Car_and_Technology,SU,6,3,69439,69447,2.018677777777778
2a5405e493a5c296a32d468606e66347,/content/drive/MyDrive/NeuroBioSense_Dataset/NeuroBioSense/Advertisement Categories/Car_and_Technology/19/A06/J/01.mp4,Car_and_Technology,J,4,6,59157,59168,2.8
fc3c9f436477845716ab5687d7bdceed,/content/drive/MyDrive/NeuroBioSense_Dataset/NeuroBioSense/Advertisement Categories/Car_and_Technology/19/A10/N/01.mp4,Car_and_Technology,N,0,3,92422,92453,7.65
bcac0f75f752fbb01da2d06c61487d9a,/content/drive/MyDrive/NeuroBioSense_Dataset/NeuroBioSense/Advertisement Categories/Car_and_Technology/19/A02/J/02.mp4,Car_and_Technology,J,4,3,83476,83512,8.95
5500328d56d6a47480f243d8dfb44a48,/content/drive/MyDrive/NeuroBioSense_Dataset/NeuroBioSense/Advertisement Categories/Car_and_Technology/19/A02/J/01.mp4,Car_and_Technology,J,4,4,113813,113833,5.101644444444444
7eb62a9acc215a8fcff437e211059b6e,/content/drive/MyDrive/NeuroBioSense_Dataset/NeuroBioSense/Advertisement Categories/Car_and_Technology/19/A03/J/01.mp4,Car_and_Technology,J,4,2,133315,133344,7.166666666666667
054e1ff04537b440312188b180893029,/content/drive/MyDrive/NeuroBioSense_Dataset/NeuroBioSense/Advertisement Categories/Car_and_Technology/19/A04/F/01.mp4,Car_and_Technology,F,3,4,105169,105186,4.137455555555555
6829f06289b4c9dc616a5f2dbacf9e00,/content/drive/MyDrive/NeuroBioSense_Dataset/NeuroBioSense/Advertisement Categories/Car_and_Technology/19/A04/J/01.mp4,Car_and_Technology,J,4,6,73709,73718,2.316666666666667
e7d782e7e89dd8f8ea8342146b10c244,/content/drive/MyDrive/NeuroBioSense_Dataset/NeuroBioSense/Advertisement Categories/Car_and_Technology/36/A09/A/01.mp4,Car_and_Technology,A,1,2,27004,27022,4.618722222222222
53416bc00c014992f0a998d485cd0ca5,/content/drive/MyDrive/NeuroBioSense_Dataset/NeuroBioSense/Advertisement Categories/Car_and_Technology/36/A07/A/01.mp4,Car_and_Technology,A,1,6,99425,99437,2.966666666666667
dee5479bbfab6051511dc0c8e69ba6c2,/content/drive/MyDrive/NeuroBioSense_Dataset/NeuroBioSense/Advertisement Categories/Car_and_Technology/36/A02/J/01.mp4,Car_and_Technology,J,4,4,78697,78714,4.2952
77ae2f031f3155d1b1133d14400fce75,/content/drive/MyDrive/NeuroBioSense_Dataset/NeuroBioSense/Advertisement Categories/Car_and_Technology/36/A01/SA/01.mp4,Car_and_Technology,SA,5,3,95365,95369,1.0283111111111112
99f8e95e673c3383bde23862149c1615,/content/drive/MyDrive/NeuroBioSense_Dataset/NeuroBioSense/Advertisement Categories/Car_and_Technology/36/A06/A/01.mp4,Car_and_Technology,A,1,2,41188,41197,2.1668666666666665
f2c29a45a1b2a2a583c2a2c6b7e0037e,/content/drive/MyDrive/NeuroBioSense_Dataset/NeuroBioSense/Advertisement Categories/Car_and_Technology/36/A06/SA/01.mp4,Car_and_Technology,SA,5,6,25240,25244,1.0183111111111112
5cb3284c3f498ec90d331f45a5475338,/content/drive/MyDrive/NeuroBioSense_Dataset/NeuroBioSense/Advertisement Categories/Car_and_Technology/36/A06/SA/02.mp4,Car_and_Technology,SA,5,0,17715,17721,1.5151555555555556
cecfc90eb5bfe1dd223da57669304ef6,/content/drive/MyDrive/NeuroBioSense_Dataset/NeuroBioSense/Advertisement Categories/Car_and_Technology/36/A08/A/01.mp4,Car_and_Technology,A,1,6,88119,88134,3.794988888888889
f648017f108d6bf887c2d5c4a73314ff,/content/drive/MyDrive/NeuroBioSense_Dataset/NeuroBioSense/Advertisement Categories/Car_and_Technology/36/A10/SA/01.mp4,Car_and_Technology,SA,5,6,32639,32646,1.7853333333333334
ab008175ea2c48d0f793d10b94b5250e,/content/drive/MyDrive/NeuroBioSense_Dataset/NeuroBioSense/Advertisement Categories/Car_and_Technology/36/A03/J/01.mp4,Car_and_Technology,J,4,0,136971,136978,1.674977777777778
5fb24359dcb0959c1fab2377d5c270c5,/content/drive/MyDrive/NeuroBioSense_Dataset/NeuroBioSense/Advertisement Categories/Car_and_Technology/36/A03/A/01.mp4,Car_and_Technology,A,1,6,27846,27868,5.383766666666667
bee047c4814d2285acef64f0f206e6dd,/content/drive/MyDrive/NeuroBioSense_Dataset/NeuroBioSense/Advertisement Categories/Car_and_Technology/36/A03/F/01.mp4,Car_and_Technology,F,3,4,51479,51489,2.554977777777778
ac8920bd110ee899e1c9a12ae541ed72,/content/drive/MyDrive/NeuroBioSense_Dataset/NeuroBioSense/Advertisement Categories/Car_and_Technology/36/A03/SU/01.mp4,Car_and_Technology,SU,6,2,115092,115104,3.119988888888889
436fdd27b41451fefc05d334f17c61ea,/content/drive/MyDrive/NeuroBioSense_Dataset/NeuroBioSense/Advertisement Categories/Car_and_Technology/36/A05/A/01.mp4,Car_and_Technology,A,1,1,146462,146485,5.6937444444444445
60f9fbd1b0d7e37eacee8f13c0cbdfa8,/content/drive/MyDrive/NeuroBioSense_Dataset/NeuroBioSense/Advertisement Categories/Car_and_Technology/36/A04/A/01.mp4,Car_and_Technology,A,1,0,118976,118989,3.351988888888889
2e887b3795ac674e4bdf8020cee0e8e5,/content/drive/MyDrive/NeuroBioSense_Dataset/NeuroBioSense/Advertisement Categories/Car_and_Technology/38/A07/J/01.mp4,Car_and_Technology,J,4,2,41678,41686,1.8849777777777776
d300b0e715064fc9604b870116c02611,/content/drive/MyDrive/NeuroBioSense_Dataset/NeuroBioSense/Advertisement Categories/Car_and_Technology/38/A07/D/02.mp4,Car_and_Technology,D,2,4,113636,113661,6.231655555555555
5e941f1104743a293ba0758700d14dfd,/content/drive/MyDrive/NeuroBioSense_Dataset/NeuroBioSense/Advertisement Categories/Car_and_Technology/38/A07/D/01.mp4,Car_and_Technology,D,2,5,137375,137379,1.0149777777777778
68e8d523be6825c42301ccd0ed5746cd,/content/drive/MyDrive/NeuroBioSense_Dataset/NeuroBioSense/Advertisement Categories/Car_and_Technology/38/A08/D/01.mp4,Car_and_Technology,D,2,6,133446,133451,1.2116555555555555
b7f43236dd69e1d21b93c24181b1060e,/content/drive/MyDrive/NeuroBioSense_Dataset/NeuroBioSense/Advertisement Categories/Car_and_Technology/38/A08/D/02.mp4,Car_and_Technology,D,2,6,101895,101899,1.0033111111111113
5940ce6f5f2c6c07290532c718baeaee,/content/drive/MyDrive/NeuroBioSense_Dataset/NeuroBioSense/Advertisement Categories/Car_and_Technology/38/A08/SU/01.mp4,Car_and_Technology,SU,6,0,119535,119542,1.6633333333333333
fffadbea6fd488b8c570ecff3f97a0c0,/content/drive/MyDrive/NeuroBioSense_Dataset/NeuroBioSense/Advertisement Categories/Car_and_Technology/38/A08/J/01.mp4,Car_and_Technology,J,4,0,7066,7083,4.167033333333333
12e571760a8955162cbb8f10ee8943aa,/content/drive/MyDrive/NeuroBioSense_Dataset/NeuroBioSense/Advertisement Categories/Car_and_Technology/38/A06/J/01.mp4,Car_and_Technology,J,4,4,35777,35782,1.2983222222222222
d31fcf0e3674b6d71afac353a482da59,/content/drive/MyDrive/NeuroBioSense_Dataset/NeuroBioSense/Advertisement Categories/Car_and_Technology/38/A06/A/01.mp4,Car_and_Technology,A,1,4,12147,12151,1.0083111111111112
ac37c04d4cd6621517631716609ef2ed,/content/drive/MyDrive/NeuroBioSense_Dataset/NeuroBioSense/Advertisement Categories/Car_and_Technology/38/A06/F/01.mp4,Car_and_Technology,F,3,1,44120,44126,1.5866666666666667
29bc247e21738002cc7149471154bc75,/content/drive/MyDrive/NeuroBioSense_Dataset/NeuroBioSense/Advertisement Categories/Car_and_Technology/38/A06/SU/01.mp4,Car_and_Technology,SU,6,6,408,415,1.7914555555555556
582a4f6d03bfb15c2860fd33cde35d00,/content/drive/MyDrive/NeuroBioSense_Dataset/NeuroBioSense/Advertisement Categories/Car_and_Technology/38/A09/J/01.mp4,Car_and_Technology,J,4,3,105971,105999,7.100411111111111
094524364c1f0acd578ffbc18f8c6145,/content/drive/MyDrive/NeuroBioSense_Dataset/NeuroBioSense/Advertisement Categories/Car_and_Technology/38/A09/J/02.mp4,Car_and_Technology,J,4,5,11462,11478,3.8849777777777774
47ff68c6831c81c8c6349a49975b4a2c,/content/drive/MyDrive/NeuroBioSense_Dataset/NeuroBioSense/Advertisement Categories/Car_and_Technology/38/A09/F/01.mp4,Car_and_Technology,F,3,4,147485,147492,1.6611444444444445
5c68d443d29a5ba1b3dc0351069792e3,/content/drive/MyDrive/NeuroBioSense_Dataset/NeuroBioSense/Advertisement Categories/Car_and_Technology/38/A09/D/01.mp4,Car_and_Technology,D,2,5,24637,24643,1.5583444444444445
3457cbd53a871c8a0fde7beb7a7f0937,/content/drive/MyDrive/NeuroBioSense_Dataset/NeuroBioSense/Advertisement Categories/Car_and_Technology/38/A01/SU/01.mp4,Car_and_Technology,SU,6,4,92030,92039,2.143577777777778
94c18bf7e34e4c85359fd2373e337509,/content/drive/MyDrive/NeuroBioSense_Dataset/NeuroBioSense/Advertisement Categories/Car_and_Technology/38/A01/J/01.mp4,Car_and_Technology,J,4,5,2411,2420,2.1349333333333336
33fad2b36f1c7facce93f003739d0d3c,/content/drive/MyDrive/NeuroBioSense_Dataset/NeuroBioSense/Advertisement Categories/Car_and_Technology/38/A01/A/01.mp4,Car_and_Technology,A,1,6,59671,59676,1.1583222222222223
d411e990cf790d659fd29964815b5b8e,/content/drive/MyDrive/NeuroBioSense_Dataset/NeuroBioSense/Advertisement Categories/Car_and_Technology/38/A01/F/01.mp4,Car_and_Technology,F,3,4,53511,53515,1.053311111111111
c665096e59550fc562c7f3995302557e,/content/drive/MyDrive/NeuroBioSense_Dataset/NeuroBioSense/Advertisement Categories/Car_and_Technology/38/A03/D/01.mp4,Car_and_Technology,D,2,6,52225,52241,3.980233333333333
1004900c53a25d1c1c6c080b07273fd1,/content/drive/MyDrive/NeuroBioSense_Dataset/NeuroBioSense/Advertisement Categories/Car_and_Technology/38/A03/D/02.mp4,Car_and_Technology,D,2,4,98959,98969,2.424977777777778
ad5358326112a5519c6ed825488825c3,/content/drive/MyDrive/NeuroBioSense_Dataset/NeuroBioSense/Advertisement Categories/Car_and_Technology/38/A03/SU/01.mp4,Car_and_Technology,SU,6,6,113522,113535,3.2883111111111107
ee261d3cd81a69df253d69193f23c1eb,/content/drive/MyDrive/NeuroBioSense_Dataset/NeuroBioSense/Advertisement Categories/Car_and_Technology/38/A03/F/01.mp4,Car_and_Technology,F,3,6,138352,138360,2.108488888888889
baa3162c638a96da54d8d7aa1b72c4e2,/content/drive/MyDrive/NeuroBioSense_Dataset/NeuroBioSense/Advertisement Categories/Car_and_Technology/38/A05/SA/01.mp4,Car_and_Technology,SA,5,4,44406,44410,1.013311111111111
8dff4be0a4b125138b6d3fd56e403132,/content/drive/MyDrive/NeuroBioSense_Dataset/NeuroBioSense/Advertisement Categories/Car_and_Technology/38/A05/J/01.mp4,Car_and_Technology,J,4,4,130097,130115,4.480411111111112
ab44552e86c0a053866c3241c36dd28c,/content/drive/MyDrive/NeuroBioSense_Dataset/NeuroBioSense/Advertisement Categories/Car_and_Technology/38/A05/J/02.mp4,Car_and_Technology,J,4,2,17436,17457,5.217066666666667
2f1cce5a4cf3299d4db62ca19b46cee6,/content/drive/MyDrive/NeuroBioSense_Dataset/NeuroBioSense/Advertisement Categories/Car_and_Technology/38/A05/A/01.mp4,Car_and_Technology,A,1,4,52643,52653,2.5169888888888887
1415486d34db4f6c2c9253396d56fe33,/content/drive/MyDrive/NeuroBioSense_Dataset/NeuroBioSense/Advertisement Categories/Car_and_Technology/38/A04/D/01.mp4,Car_and_Technology,D,2,4,41435,41461,6.563311111111111
cfe5f540dfa00fa760f23603c5372168,/content/drive/MyDrive/NeuroBioSense_Dataset/NeuroBioSense/Advertisement Categories/Car_and_Technology/38/A04/SU/01.mp4,Car_and_Technology,SU,6,0,20421,20429,1.919988888888889
0476fd14b3c487abb83b2b3d43c0a373,/content/drive/MyDrive/NeuroBioSense_Dataset/NeuroBioSense/Advertisement Categories/Car_and_Technology/38/A04/J/01.mp4,Car_and_Technology,J,4,6,11733,11751,4.473599999999999
10020d9f3163587f1285e152ea41e4b3,/content/drive/MyDrive/NeuroBioSense_Dataset/NeuroBioSense/Advertisement Categories/Car_and_Technology/38/A10/A/01.mp4,Car_and_Technology,A,1,6,106767,106775,1.958322222222222
70abad62047e852db8777af63c9bee86,/content/drive/MyDrive/NeuroBioSense_Dataset/NeuroBioSense/Advertisement Categories/Car_and_Technology/38/A10/A/02.mp4,Car_and_Technology,A,1,4,57646,57655,2.3516333333333335
aac53d7cc2e6d69b42fce5e3e98068d9,/content/drive/MyDrive/NeuroBioSense_Dataset/NeuroBioSense/Advertisement Categories/Car_and_Technology/38/A10/SU/01.mp4,Car_and_Technology,SU,6,4,103441,103456,3.6920555555555556
445263151303a1c5a8ae345c90913e0d,/content/drive/MyDrive/NeuroBioSense_Dataset/NeuroBioSense/Advertisement Categories/Car_and_Technology/38/A02/D/01.mp4,Car_and_Technology,D,2,4,73120,73130,2.4566444444444446
593aaab6eb6d459fc685bcf56d546e69,/content/drive/MyDrive/NeuroBioSense_Dataset/NeuroBioSense/Advertisement Categories/Car_and_Technology/38/A02/J/02.mp4,Car_and_Technology,J,4,4,115396,115412,4.117022222222222
48fa37402ae67afe9f4e5f4faad5814d,/content/drive/MyDrive/NeuroBioSense_Dataset/NeuroBioSense/Advertisement Categories/Car_and_Technology/38/A02/J/01.mp4,Car_and_Technology,J,4,4,40121,40142,5.3237000000000005
5572854b48492508848229fce3aaa4f0,/content/drive/MyDrive/NeuroBioSense_Dataset/NeuroBioSense/Advertisement Categories/Car_and_Technology/31/A07/J/02.mp4,Car_and_Technology,J,4,6,82913,82938,6.329977777777778
c3de34db32f6975ec968ccf6997e0f31,/content/drive/MyDrive/NeuroBioSense_Dataset/NeuroBioSense/Advertisement Categories/Car_and_Technology/31/A07/J/01.mp4,Car_and_Technology,J,4,6,118753,118764,2.86
d3a89d0e863a84242d481fb3ca865d80,/content/drive/MyDrive/NeuroBioSense_Dataset/NeuroBioSense/Advertisement Categories/Car_and_Technology/31/A09/SU/01.mp4,Car_and_Technology,SU,6,6,64921,64935,3.5386444444444445
65b7573cad534634ba1817348c8d36da,/content/drive/MyDrive/NeuroBioSense_Dataset/NeuroBioSense/Advertisement Categories/Car_and_Technology/31/A02/J/01.mp4,Car_and_Technology,J,4,5,26580,26596,3.9649777777777775
24f24fa493762fd4a21d09a7a28feea7,/content/drive/MyDrive/NeuroBioSense_Dataset/NeuroBioSense/Advertisement Categories/Car_and_Technology/31/A05/J/01.mp4,Car_and_Technology,J,4,4,10707,10717,2.4316222222222224
0813732195a19ea3df55f5ee4923ad8e,/content/drive/MyDrive/NeuroBioSense_Dataset/NeuroBioSense/Advertisement Categories/Car_and_Technology/31/A03/SU/01.mp4,Car_and_Technology,SU,6,6,110901,110923,5.547088888888889
d4b6d858f6d126ead7948c5914c6922a,/content/drive/MyDrive/NeuroBioSense_Dataset/NeuroBioSense/Advertisement Categories/Car_and_Technology/31/A03/F/01.mp4,Car_and_Technology,F,3,4,90474,90485,2.8319111111111113
4d1f944559d2c321ece7ece6ef9e55f3,/content/drive/MyDrive/NeuroBioSense_Dataset/NeuroBioSense/Advertisement Categories/Car_and_Technology/31/A04/J/01.mp4,Car_and_Technology,J,4,6,30418,30438,5.070333333333333
bb0f473ce021f4c0d36feb9c8fbb4cc9,/content/drive/MyDrive/NeuroBioSense_Dataset/NeuroBioSense/Advertisement Categories/Car_and_Technology/31/A08/N/01.mp4,Car_and_Technology,N,0,2,124716,124741,6.253322222222222
9d0c1df5b6a7658c32552cfa10747e7e,/content/drive/MyDrive/NeuroBioSense_Dataset/NeuroBioSense/Advertisement Categories/Car_and_Technology/31/A01/N/01.mp4,Car_and_Technology,N,0,4,136007,136040,8.223655555555554
3a248e8209e1a7007a6d1dca01abefeb,/content/drive/MyDrive/NeuroBioSense_Dataset/NeuroBioSense/Advertisement Categories/Car_and_Technology/31/A06/SU/01.mp4,Car_and_Technology,SU,6,6,101188,101201,3.252022222222222
1999754dfc36be9992f7f9ac5bb7700c,/content/drive/MyDrive/NeuroBioSense_Dataset/NeuroBioSense/Advertisement Categories/Car_and_Technology/31/A10/N/01.mp4,Car_and_Technology,N,0,2,140297,140331,8.57371111111111
4aadc9c0070cce50e86cd5be15610c5a,/content/drive/MyDrive/NeuroBioSense_Dataset/NeuroBioSense/Advertisement Categories/Car_and_Technology/26/A01/N/01.mp4,Car_and_Technology,N,0,4,47144,47167,5.767033333333333
b345ec211389a923c550844f0adca9a9,/content/drive/MyDrive/NeuroBioSense_Dataset/NeuroBioSense/Advertisement Categories/Car_and_Technology/26/A03/A/01.mp4,Car_and_Technology,A,1,2,41581,41598,4.1316444444444445
7a5ad06f8ded7c4d5b97821683943555,/content/drive/MyDrive/NeuroBioSense_Dataset/NeuroBioSense/Advertisement Categories/Car_and_Technology/26/A08/SU/01.mp4,Car_and_Technology,SU,6,0,147796,147815,4.760211111111111
f71864dbc6a962601a09a588f9d5db1e,/content/drive/MyDrive/NeuroBioSense_Dataset/NeuroBioSense/Advertisement Categories/Car_and_Technology/26/A07/N/01.mp4,Car_and_Technology,N,0,6,109539,109567,6.990411111111111
1fd409d2162903b461b354e3a1c2f9a8,/content/drive/MyDrive/NeuroBioSense_Dataset/NeuroBioSense/Advertisement Categories/Car_and_Technology/26/A04/J/01.mp4,Car_and_Technology,J,4,5,17947,17964,4.1854
ccaebb4058ecd681adfe86a852a847fd,/content/drive/MyDrive/NeuroBioSense_Dataset/NeuroBioSense/Advertisement Categories/Car_and_Technology/26/A04/SU/01.mp4,Car_and_Technology,SU,6,5,128780,128800,5.0020999999999995
daa04a8e88722799d67dea5236887671,/content/drive/MyDrive/NeuroBioSense_Dataset/NeuroBioSense/Advertisement Categories/Car_and_Technology/26/A05/SU/01.mp4,Car_and_Technology,SU,6,0,114102,114116,3.5533111111111113
4ede853a34997c28358fcc5204289eb2,/content/drive/MyDrive/NeuroBioSense_Dataset/NeuroBioSense/Advertisement Categories/Car_and_Technology/26/A09/N/01.mp4,Car_and_Technology,N,0,4,113664,113691,6.726655555555555
4454a88815664c9f28c5eb8ad5c4f2ad,/content/drive/MyDrive/NeuroBioSense_Dataset/NeuroBioSense/Advertisement Categories/Car_and_Technology/26/A10/SA/01.mp4,Car_and_Technology,SA,5,6,84884,84902,4.453322222222222
bc1c71afbe84b08b08d676a60bfeb6c8,/content/drive/MyDrive/NeuroBioSense_Dataset/NeuroBioSense/Advertisement Categories/Car_and_Technology/26/A06/SU/01.mp4,Car_and_Technology,SU,6,0,127909,127918,2.1265444444444443
124b181f2dfd395078c776305cb3f3a3,/content/drive/MyDrive/NeuroBioSense_Dataset/NeuroBioSense/Advertisement Categories/Car_and_Technology/26/A02/J/01.mp4,Car_and_Technology,J,4,6,6122,6143,5.125277777777778
cdd3d3496b853562ef825aff2bdcb3c2,/content/drive/MyDrive/NeuroBioSense_Dataset/NeuroBioSense/Advertisement Categories/Car_and_Technology/34/A06/N/01.mp4,Car_and_Technology,N,0,4,77960,77977,4.155411111111111
f7cff1bdad89c1c9f6030415bbad4f55,/content/drive/MyDrive/NeuroBioSense_Dataset/NeuroBioSense/Advertisement Categories/Car_and_Technology/34/A08/SU/01.mp4,Car_and_Technology,SU,6,4,146771,146777,1.5315
9f2686c4eaa5322e909ac539c4c927e7,/content/drive/MyDrive/NeuroBioSense_Dataset/NeuroBioSense/Advertisement Categories/Car_and_Technology/34/A01/N/01.mp4,Car_and_Technology,N,0,4,50275,50302,6.703777777777778
cd979c440bcd33f9936c1c91b9efc042,/content/drive/MyDrive/NeuroBioSense_Dataset/NeuroBioSense/Advertisement Categories/Car_and_Technology/34/A07/SU/01.mp4,Car_and_Technology,SU,6,6,57335,57342,1.6949888888888889
6fb0339c89f42cdc3d0722ff6251503e,/content/drive/MyDrive/NeuroBioSense_Dataset/NeuroBioSense/Advertisement Categories/Car_and_Technology/34/A10/SU/01.mp4,Car_and_Technology,SU,6,4,24980,24993,3.1369444444444445
f37f50320d4b82365903634674874a5c,/content/drive/MyDrive/NeuroBioSense_Dataset/NeuroBioSense/Advertisement Categories/Car_and_Technology/34/A09/N/01.mp4,Car_and_Technology,N,0,4,114676,114715,9.849966666666667
53fd304428765529d4b5b5d3162572b4,/content/drive/MyDrive/NeuroBioSense_Dataset/NeuroBioSense/Advertisement Categories/Car_and_Technology/34/A05/N/01.mp4,Car_and_Technology,N,0,2,141439,141460,5.3704
a585335b800522cf381b74b72031d817,/content/drive/MyDrive/NeuroBioSense_Dataset/NeuroBioSense/Advertisement Categories/Car_and_Technology/34/A04/J/01.mp4,Car_and_Technology,J,4,6,84547,84564,4.356655555555555
916e2bf4c55e5853c1809873a05f5ade,/content/drive/MyDrive/NeuroBioSense_Dataset/NeuroBioSense/Advertisement Categories/Car_and_Technology/34/A02/N/01.mp4,Car_and_Technology,N,0,1,8367,8398,7.627144444444444
3b5c8e6b21fe77aa540e88352107e74e,/content/drive/MyDrive/NeuroBioSense_Dataset/NeuroBioSense/Advertisement Categories/Car_and_Technology/34/A03/SA/01.mp4,Car_and_Technology,SA,5,4,47291,47305,3.6199666666666666
47e8c3d048e75cad9381c98eca1bbc21,/content/drive/MyDrive/NeuroBioSense_Dataset/NeuroBioSense/Advertisement Categories/Car_and_Technology/28/A06/N/01.mp4,Car_and_Technology,N,0,3,46596,46618,5.545433333333333
04dfda8632e0e9b1f24a4c4da811412b,/content/drive/MyDrive/NeuroBioSense_Dataset/NeuroBioSense/Advertisement Categories/Car_and_Technology/28/A09/SA/01.mp4,Car_and_Technology,SA,5,2,26999,27004,1.2149777777777777
51c8f9189a7748002018daf3579f0dee,/content/drive/MyDrive/NeuroBioSense_Dataset/NeuroBioSense/Advertisement Categories/Car_and_Technology/28/A08/SA/01.mp4,Car_and_Technology,SA,5,6,81842,81877,8.777133333333333
9397eaaaf702469e1f3c055275f9db1e,/content/drive/MyDrive/NeuroBioSense_Dataset/NeuroBioSense/Advertisement Categories/Car_and_Technology/28/A08/A/01.mp4,Car_and_Technology,A,1,3,60914,60922,1.9
67a1b06f8cf5910304c08e75ddd772cf,/content/drive/MyDrive/NeuroBioSense_Dataset/NeuroBioSense/Advertisement Categories/Car_and_Technology/28/A04/J/01.mp4,Car_and_Technology,J,4,2,147709,147727,4.529977777777778
5cee8f3f46d1acbf459a1dba1b041c73,/content/drive/MyDrive/NeuroBioSense_Dataset/NeuroBioSense/Advertisement Categories/Car_and_Technology/28/A01/J/01.mp4,Car_and_Technology,J,4,4,38525,38534,2.248666666666667
feda51e77ce26134a4824cddb78e8625,/content/drive/MyDrive/NeuroBioSense_Dataset/NeuroBioSense/Advertisement Categories/Car_and_Technology/28/A10/SA/01.mp4,Car_and_Technology,SA,5,5,17251,17260,2.1416555555555554
759c759e9b9aa727765d72bd08c6ab2c,/content/drive/MyDrive/NeuroBioSense_Dataset/NeuroBioSense/Advertisement Categories/Car_and_Technology/28/A05/J/01.mp4,Car_and_Technology,J,4,4,90457,90464,1.7583111111111112
4052498213594b4f3a379e514624a841,/content/drive/MyDrive/NeuroBioSense_Dataset/NeuroBioSense/Advertisement Categories/Car_and_Technology/28/A03/N/01.mp4,Car_and_Technology,N,0,6,82726,82758,7.959966666666666
d9966a3c9486a2b566e1658e8d352063,/content/drive/MyDrive/NeuroBioSense_Dataset/NeuroBioSense/Advertisement Categories/Car_and_Technology/28/A07/N/01.mp4,Car_and_Technology,N,0,6,98676,98700,5.996966666666666
2d4e7773fa3e91d59fdc408b2f2b4eb3,/content/drive/MyDrive/NeuroBioSense_Dataset/NeuroBioSense/Advertisement Categories/Car_and_Technology/28/A02/J/01.mp4,Car_and_Technology,J,4,6,96605,96627,5.617066666666666
b7968dfd16513603e5a3ffdbdad8c0dc,/content/drive/MyDrive/NeuroBioSense_Dataset/NeuroBioSense/Advertisement Categories/Car_and_Technology/27/A07/J/01.mp4,Car_and_Technology,J,4,6,113543,113578,8.824977777777777
08783be711b4b541f0e815ca57572a20,/content/drive/MyDrive/NeuroBioSense_Dataset/NeuroBioSense/Advertisement Categories/Car_and_Technology/27/A07/SU/01.mp4,Car_and_Technology,SU,6,1,50760,50769,2.223122222222222
f0004aaf77fb27ffdc6210a0fe848569,/content/drive/MyDrive/NeuroBioSense_Dataset/NeuroBioSense/Advertisement Categories/Car_and_Technology/27/A06/SU/01.mp4,Car_and_Technology,SU,6,4,38336,38343,1.8566444444444443
ae3f492e66ac12df3db637dfc5448ce2,/content/drive/MyDrive/NeuroBioSense_Dataset/NeuroBioSense/Advertisement Categories/Car_and_Technology/27/A06/J/02.mp4,Car_and_Technology,J,4,4,11899,11925,6.596644444444444
d4be33b7e9c61d7398657e749841ff78,/content/drive/MyDrive/NeuroBioSense_Dataset/NeuroBioSense/Advertisement Categories/Car_and_Technology/27/A06/J/01.mp4,Car_and_Technology,J,4,4,28917,28939,5.458722222222223
d97a0b56250fe0a38d817ba61893c289,/content/drive/MyDrive/NeuroBioSense_Dataset/NeuroBioSense/Advertisement Categories/Car_and_Technology/27/A08/SU/01.mp4,Car_and_Technology,SU,6,6,82404,82414,2.4451111111111112
83836b6ec626bcea07bbbd56e41243e2,/content/drive/MyDrive/NeuroBioSense_Dataset/NeuroBioSense/Advertisement Categories/Car_and_Technology/27/A08/J/01.mp4,Car_and_Technology,J,4,4,12633,12656,5.703711111111111
12d546659c4ab464dc14ee606cd51d16,/content/drive/MyDrive/NeuroBioSense_Dataset/NeuroBioSense/Advertisement Categories/Car_and_Technology/27/A09/SU/01.mp4,Car_and_Technology,SU,6,6,70079,70092,3.2949777777777776
104258dd9a6416bba096b3c0890517d4,/content/drive/MyDrive/NeuroBioSense_Dataset/NeuroBioSense/Advertisement Categories/Car_and_Technology/27/A09/J/01.mp4,Car_and_Technology,J,4,6,124975,124988,3.2649777777777778
58d5e2fc845a6be5c04100c973a4e677,/content/drive/MyDrive/NeuroBioSense_Dataset/NeuroBioSense/Advertisement Categories/Car_and_Technology/27/A09/SA/01.mp4,Car_and_Technology,SA,5,6,91141,91158,4.233333333333333
32ae36df3ec4e5fa9ccfbd1d89c365ac,/content/drive/MyDrive/NeuroBioSense_Dataset/NeuroBioSense/Advertisement Categories/Car_and_Technology/27/A09/A/01.mp4,Car_and_Technology,A,1,0,18222,18227,1.3447777777777778
7164c888616b973620f9c422b1ea2585,/content/drive/MyDrive/NeuroBioSense_Dataset/NeuroBioSense/Advertisement Categories/Car_and_Technology/27/A10/SU/01.mp4,Car_and_Technology,SU,6,6,9777,9781,1.0083111111111112
a8bf0262c95c7031650d2ea92d723a4f,/content/drive/MyDrive/NeuroBioSense_Dataset/NeuroBioSense/Advertisement Categories/Car_and_Technology/27/A01/J/02.mp4,Car_and_Technology,J,4,4,86590,86604,3.5136777777777777
808f6b3665abdef7712b0af8e5d116c0,/content/drive/MyDrive/NeuroBioSense_Dataset/NeuroBioSense/Advertisement Categories/Car_and_Technology/27/A01/J/01.mp4,Car_and_Technology,J,4,6,130956,130964,1.9166555555555556
28edabf11369f03f3f164f6760e630ce,/content/drive/MyDrive/NeuroBioSense_Dataset/NeuroBioSense/Advertisement Categories/Car_and_Technology/27/A05/J/01.mp4,Car_and_Technology,J,4,0,118400,118453,13.3107
e55c25bda774b94483f0089d5ac10669,/content/drive/MyDrive/NeuroBioSense_Dataset/NeuroBioSense/Advertisement Categories/Car_and_Technology/27/A02/D/01.mp4,Car_and_Technology,D,2,4,52538,52550,3.0585222222222224
924b33acddc1ed201479977ec670d890,/content/drive/MyDrive/NeuroBioSense_Dataset/NeuroBioSense/Advertisement Categories/Car_and_Technology/27/A04/J/01.mp4,Car_and_Technology,J,4,0,11818,11843,6.269577777777777
6ec7c8a55522ab3914c13373ef28b299,/content/drive/MyDrive/NeuroBioSense_Dataset/NeuroBioSense/Advertisement Categories/Car_and_Technology/27/A03/F/01.mp4,Car_and_Technology,F,3,2,32174,32181,1.6833222222222222
9097ae88eac2825412ebf1f93f06affc,/content/drive/MyDrive/NeuroBioSense_Dataset/NeuroBioSense/Advertisement Categories/Car_and_Technology/27/A03/J/01.mp4,Car_and_Technology,J,4,4,35781,35797,4.058311111111111
e2c6548e42d6f7c8105bd0f24963ce02,/content/drive/MyDrive/NeuroBioSense_Dataset/NeuroBioSense/Advertisement Categories/Car_and_Technology/33/A07/J/01.mp4,Car_and_Technology,J,4,5,16810,16822,2.9299888888888885
7312e7111db92155f56df1e171242cef,/content/drive/MyDrive/NeuroBioSense_Dataset/NeuroBioSense/Advertisement Categories/Car_and_Technology/33/A06/J/01.mp4,Car_and_Technology,J,4,4,138490,138498,1.9266444444444446
ee16236e762c8433890dee4a7297021b,/content/drive/MyDrive/NeuroBioSense_Dataset/NeuroBioSense/Advertisement Categories/Car_and_Technology/33/A06/SU/01.mp4,Car_and_Technology,SU,6,4,94097,94115,4.500288888888889
1fe4a44bc638cbdcc3c4ccc8b7f7f19a,/content/drive/MyDrive/NeuroBioSense_Dataset/NeuroBioSense/Advertisement Categories/Car_and_Technology/33/A08/SU/01.mp4,Car_and_Technology,SU,6,5,5563,5580,4.2966444444444445
3fe81cf09fd6e9be7bcbf1cda438a8c3,/content/drive/MyDrive/NeuroBioSense_Dataset/NeuroBioSense/Advertisement Categories/Car_and_Technology/33/A08/A/01.mp4,Car_and_Technology,A,1,6,104043,104049,1.619988888888889
0cfafc3d279a20855bbaea4241d73501,/content/drive/MyDrive/NeuroBioSense_Dataset/NeuroBioSense/Advertisement Categories/Car_and_Technology/33/A09/D/01.mp4,Car_and_Technology,D,2,6,74647,74669,5.4336
35c5f8ec4b702baee6cc9435215e4d24,/content/drive/MyDrive/NeuroBioSense_Dataset/NeuroBioSense/Advertisement Categories/Car_and_Technology/33/A09/J/01.mp4,Car_and_Technology,J,4,6,26390,26425,8.7938
7c94a029c72de5f9d023ac312158f031,/content/drive/MyDrive/NeuroBioSense_Dataset/NeuroBioSense/Advertisement Categories/Car_and_Technology/33/A09/SU/01.mp4,Car_and_Technology,SU,6,4,44505,44519,3.389988888888889
e0211361a066e66f739480ffb63ee5be,/content/drive/MyDrive/NeuroBioSense_Dataset/NeuroBioSense/Advertisement Categories/Car_and_Technology/33/A04/J/02.mp4,Car_and_Technology,J,4,4,62883,62907,6.089988888888889
073269f2465a14031f54bc423529113f,/content/drive/MyDrive/NeuroBioSense_Dataset/NeuroBioSense/Advertisement Categories/Car_and_Technology/33/A04/J/01.mp4,Car_and_Technology,J,4,6,104872,104890,4.4520333333333335
4f27ec69084b09e22bab2f464e6ddade,/content/drive/MyDrive/NeuroBioSense_Dataset/NeuroBioSense/Advertisement Categories/Car_and_Technology/33/A01/SU/01.mp4,Car_and_Technology,SU,6,1,143643,143653,2.5302444444444445
0556267e8cd7bd10e7b00f54b2549114,/content/drive/MyDrive/NeuroBioSense_Dataset/NeuroBioSense/Advertisement Categories/Car_and_Technology/33/A01/J/01.mp4,Car_and_Technology,J,4,4,94908,94917,2.1819777777777776
7335b79875b3d6d7900a36bdcffc043e,/content/drive/MyDrive/NeuroBioSense_Dataset/NeuroBioSense/Advertisement Categories/Car_and_Technology/33/A10/A/02.mp4,Car_and_Technology,A,1,4,111207,111226,4.723311111111111
967fb7ca3d95e19c8e84afd126db337d,/content/drive/MyDrive/NeuroBioSense_Dataset/NeuroBioSense/Advertisement Categories/Car_and_Technology/33/A10/A/01.mp4,Car_and_Technology,A,1,0,15596,15604,1.919988888888889
afd5f517b13370958be20ebcdcece946,/content/drive/MyDrive/NeuroBioSense_Dataset/NeuroBioSense/Advertisement Categories/Car_and_Technology/33/A10/SU/01.mp4,Car_and_Technology,SU,6,4,129910,129916,1.5866666666666667
efc3cbc7ba9165b705c583fe20a7e5d3,/content/drive/MyDrive/NeuroBioSense_Dataset/NeuroBioSense/Advertisement Categories/Car_and_Technology/33/A03/J/01.mp4,Car_and_Technology,J,4,6,104868,104882,3.4553777777777777
8ad388d1d6d42d880909e821d51a8d6b,/content/drive/MyDrive/NeuroBioSense_Dataset/NeuroBioSense/Advertisement Categories/Car_and_Technology/33/A03/A/01.mp4,Car_and_Technology,A,1,6,46915,46927,2.8819555555555554
c37078d1a2f73b1c35ab94eec03f7801,/content/drive/MyDrive/NeuroBioSense_Dataset/NeuroBioSense/Advertisement Categories/Car_and_Technology/33/A02/J/01.mp4,Car_and_Technology,J,4,4,104137,104154,4.313755555555556
3e989e41548f94e5643b7b6fbad9e71a,/content/drive/MyDrive/NeuroBioSense_Dataset/NeuroBioSense/Advertisement Categories/Car_and_Technology/33/A02/A/01.mp4,Car_and_Technology,A,1,4,46251,46255,1.0266555555555557
3fa09819cea844399b69bbe5ff69f0b6,/content/drive/MyDrive/NeuroBioSense_Dataset/NeuroBioSense/Advertisement Categories/Car_and_Technology/33/A05/J/01.mp4,Car_and_Technology,J,4,6,28536,28567,7.677099999999999
fc8a58b681f96f8797a66487290329b9,/content/drive/MyDrive/NeuroBioSense_Dataset/NeuroBioSense/Advertisement Categories/Car_and_Technology/20/A02/J/02.mp4,Car_and_Technology,J,4,5,146184,146213,7.304455555555555
ea06aed3896454df6d97d47a9764964f,/content/drive/MyDrive/NeuroBioSense_Dataset/NeuroBioSense/Advertisement Categories/Car_and_Technology/20/A02/J/01.mp4,Car_and_Technology,J,4,4,116444,116457,3.316666666666667
aff0fa31dfb9afc304010df3b84ca6cf,/content/drive/MyDrive/NeuroBioSense_Dataset/NeuroBioSense/Advertisement Categories/Car_and_Technology/20/A07/J/01.mp4,Car_and_Technology,J,4,4,76226,76257,7.871644444444444
17109175be477d47daf68d12786fd570,/content/drive/MyDrive/NeuroBioSense_Dataset/NeuroBioSense/Advertisement Categories/Car_and_Technology/20/A06/N/01.mp4,Car_and_Technology,N,0,0,125162,125183,5.284966666666667
ea4926878e54ffe81dd27501393c629d,/content/drive/MyDrive/NeuroBioSense_Dataset/NeuroBioSense/Advertisement Categories/Car_and_Technology/20/A09/A/01.mp4,Car_and_Technology,A,1,4,16005,16021,4.069977777777778
9a821ce9673fa89eeae1bcc74bebb93f,/content/drive/MyDrive/NeuroBioSense_Dataset/NeuroBioSense/Advertisement Categories/Car_and_Technology/20/A03/SA/01.mp4,Car_and_Technology,SA,5,4,9497,9512,3.85
13fde731af11111d5deb22adcc22ead7,/content/drive/MyDrive/NeuroBioSense_Dataset/NeuroBioSense/Advertisement Categories/Car_and_Technology/20/A03/SU/01.mp4,Car_and_Technology,SU,6,6,101193,101202,2.1845333333333334
8c44ec2a7a1b24aa472d3c69615fc3e2,/content/drive/MyDrive/NeuroBioSense_Dataset/NeuroBioSense/Advertisement Categories/Car_and_Technology/20/A08/N/01.mp4,Car_and_Technology,N,0,4,43324,43358,8.397155555555555
c211514b361b2b1b53ef85274ca87652,/content/drive/MyDrive/NeuroBioSense_Dataset/NeuroBioSense/Advertisement Categories/Car_and_Technology/20/A04/J/01.mp4,Car_and_Technology,J,4,6,13533,13563,7.384977777777777
c0353fac649308c3f8d9bd26b1ed2e45,/content/drive/MyDrive/NeuroBioSense_Dataset/NeuroBioSense/Advertisement Categories/Car_and_Technology/20/A01/J/01.mp4,Car_and_Technology,J,4,6,105089,105116,6.816666666666666
7ace988de56856a1033c4045317a8b4e,/content/drive/MyDrive/NeuroBioSense_Dataset/NeuroBioSense/Advertisement Categories/Car_and_Technology/20/A01/J/02.mp4,Car_and_Technology,J,4,6,10188,10206,4.383333333333334
c9a3eac8cb23c829f0d282a2545c5ab6,/content/drive/MyDrive/NeuroBioSense_Dataset/NeuroBioSense/Advertisement Categories/Car_and_Technology/20/A10/N/01.mp4,Car_and_Technology,N,0,0,6983,7006,5.766666666666667
a9593dc9d2d8041da8070c0a19f9b128,/content/drive/MyDrive/NeuroBioSense_Dataset/NeuroBioSense/Advertisement Categories/Car_and_Technology/20/A05/SU/01.mp4,Car_and_Technology,SU,6,6,118923,118932,2.2666666666666666
c6e0951457354bc7d58c4f63f47af15d,/content/drive/MyDrive/NeuroBioSense_Dataset/NeuroBioSense/Advertisement Categories/Car_and_Technology/20/A05/J/01.mp4,Car_and_Technology,J,4,2,115067,115115,12.05
527721775f163d5f80fa12648c69a750,/content/drive/MyDrive/NeuroBioSense_Dataset/NeuroBioSense/Advertisement Categories/Car_and_Technology/35/A09/SU/01.mp4,Car_and_Technology,SU,6,4,101678,101701,5.632055555555556
c581ea600e8936fd63279a39d3ee1fc7,/content/drive/MyDrive/NeuroBioSense_Dataset/NeuroBioSense/Advertisement Categories/Car_and_Technology/35/A09/J/01.mp4,Car_and_Technology,J,4,4,135677,135693,4.0554
11cceeee31315a57e5f0c6e2e994ba59,/content/drive/MyDrive/NeuroBioSense_Dataset/NeuroBioSense/Advertisement Categories/Car_and_Technology/35/A07/SU/01.mp4,Car_and_Technology,SU,6,6,78548,78606,14.558955555555556
f7fc3923019342060f25f99307edc0d9,/content/drive/MyDrive/NeuroBioSense_Dataset/NeuroBioSense/Advertisement Categories/Car_and_Technology/35/A07/J/01.mp4,Car_and_Technology,J,4,4,58435,58440,1.364788888888889
4cff6e717d64fe44b715af56105a6797,/content/drive/MyDrive/NeuroBioSense_Dataset/NeuroBioSense/Advertisement Categories/Car_and_Technology/35/A08/J/01.mp4,Car_and_Technology,J,4,4,29906,29918,3.0469444444444442
1bdd3c2188bcc25e310b05114caafb15,/content/drive/MyDrive/NeuroBioSense_Dataset/NeuroBioSense/Advertisement Categories/Car_and_Technology/35/A08/D/01.mp4,Car_and_Technology,D,2,4,31136,31144,2.0331555555555556
f1d54445bedf9a26b5ee96a548888514,/content/drive/MyDrive/NeuroBioSense_Dataset/NeuroBioSense/Advertisement Categories/Car_and_Technology/35/A08/SU/01.mp4,Car_and_Technology,SU,6,4,88598,88611,3.2983111111111114
ae8203520a629277dfec5ed64e84fd01,/content/drive/MyDrive/NeuroBioSense_Dataset/NeuroBioSense/Advertisement Categories/Car_and_Technology/35/A06/D/01.mp4,Car_and_Technology,D,2,1,145991,146002,2.6317777777777778
f6385edd1f749821385ddc6a2131f7b8,/content/drive/MyDrive/NeuroBioSense_Dataset/NeuroBioSense/Advertisement Categories/Car_and_Technology/35/A06/J/01.mp4,Car_and_Technology,J,4,6,74676,74687,2.778522222222222
10ec9b8c160651c79e3200eccc9268c0,/content/drive/MyDrive/NeuroBioSense_Dataset/NeuroBioSense/Advertisement Categories/Car_and_Technology/35/A06/SU/01.mp4,Car_and_Technology,SU,6,4,12660,12668,2.0933111111111113
740222901a67fcffe1f06d8cd30d21d7,/content/drive/MyDrive/NeuroBioSense_Dataset/NeuroBioSense/Advertisement Categories/Car_and_Technology/35/A02/SU/02.mp4,Car_and_Technology,SU,6,0,117855,117864,2.328322222222222
3e481fb839b15f0a6bc2f7293850be87,/content/drive/MyDrive/NeuroBioSense_Dataset/NeuroBioSense/Advertisement Categories/Car_and_Technology/35/A02/SU/01.mp4,Car_and_Technology,SU,6,0,117347,117351,1.0316555555555555
4faea870389d616253cab11bb9cbef95,/content/drive/MyDrive/NeuroBioSense_Dataset/NeuroBioSense/Advertisement Categories/Car_and_Technology/35/A02/J/01.mp4,Car_and_Technology,J,4,2,120278,120285,1.8632000000000002
67b17455064b8b6f6995478c5b9795bd,/content/drive/MyDrive/NeuroBioSense_Dataset/NeuroBioSense/Advertisement Categories/Car_and_Technology/35/A02/A/01.mp4,Car_and_Technology,A,1,4,58977,58989,3.0299777777777774
641dd9a7f7bbab1b3a6b1a83039c582f,/content/drive/MyDrive/NeuroBioSense_Dataset/NeuroBioSense/Advertisement Categories/Car_and_Technology/35/A04/F/01.mp4,Car_and_Technology,F,3,2,125787,125802,3.7983111111111114
8e1164e511c4437e54892558a62d2415,/content/drive/MyDrive/NeuroBioSense_Dataset/NeuroBioSense/Advertisement Categories/Car_and_Technology/35/A04/J/01.mp4,Car_and_Technology,J,4,6,82204,82221,4.1402222222222225
71e44b0c3e24807173867e8a661275f2,/content/drive/MyDrive/NeuroBioSense_Dataset/NeuroBioSense/Advertisement Categories/Car_and_Technology/35/A04/SU/01.mp4,Car_and_Technology,SU,6,5,43905,43919,3.3883111111111113
c2e62cac5284b803c476af1b976b54cf,/content/drive/MyDrive/NeuroBioSense_Dataset/NeuroBioSense/Advertisement Categories/Car_and_Technology/35/A03/J/01.mp4,Car_and_Technology,J,4,3,72016,72025,2.1516555555555557
4a68544c7e3cff6a70badb14064f4d4e,/content/drive/MyDrive/NeuroBioSense_Dataset/NeuroBioSense/Advertisement Categories/Car_and_Technology/35/A03/SU/01.mp4,Car_and_Technology,SU,6,4,114664,114675,2.729977777777778
f04f5109993fb034a929cb617fdb4810,/content/drive/MyDrive/NeuroBioSense_Dataset/NeuroBioSense/Advertisement Categories/Car_and_Technology/35/A03/SU/03.mp4,Car_and_Technology,SU,6,4,45094,45100,1.4088555555555555
31823dcfc7a76617958bb60399f6403e,/content/drive/MyDrive/NeuroBioSense_Dataset/NeuroBioSense/Advertisement Categories/Car_and_Technology/35/A03/SU/02.mp4,Car_and_Technology,SU,6,4,107351,107363,2.9583222222222223
ae3f396aedc72901ccaa52d6927f9161,/content/drive/MyDrive/NeuroBioSense_Dataset/NeuroBioSense/Advertisement Categories/Car_and_Technology/35/A05/J/02.mp4,Car_and_Technology,J,4,4,20552,20568,3.9752666666666663
1ff67d1d27b91c709a21a074e3214ff2,/content/drive/MyDrive/NeuroBioSense_Dataset/NeuroBioSense/Advertisement Categories/Car_and_Technology/35/A05/J/01.mp4,Car_and_Technology,J,4,6,27877,27887,2.589977777777778
f9b29455587324894a7026ff38e91716,/content/drive/MyDrive/NeuroBioSense_Dataset/NeuroBioSense/Advertisement Categories/Car_and_Technology/35/A10/SA/01.mp4,Car_and_Technology,SA,5,4,7980,7989,2.1819777777777776
7c27bf6dddcb8af7bfd34b0b74d88cf0,/content/drive/MyDrive/NeuroBioSense_Dataset/NeuroBioSense/Advertisement Categories/Car_and_Technology/35/A10/SU/01.mp4,Car_and_Technology,SU,6,1,131431,131442,2.7784666666666666
0e4bcc51ec7e3100c95dbaa96dcde9dc,/content/drive/MyDrive/NeuroBioSense_Dataset/NeuroBioSense/Advertisement Categories/Car_and_Technology/35/A01/J/01.mp4,Car_and_Technology,J,4,4,91794,91803,2.1717555555555554
2a08971e7952bbb5f705df15c898c67b,/content/drive/MyDrive/NeuroBioSense_Dataset/NeuroBioSense/Advertisement Categories/Car_and_Technology/35/A01/SA/01.mp4,Car_and_Technology,SA,5,6,64409,64428,4.693311111111111
5076d0c1640216be0f9e6b01ed71a478,/content/drive/MyDrive/NeuroBioSense_Dataset/NeuroBioSense/Advertisement Categories/Car_and_Technology/32/A07/SA/01.mp4,Car_and_Technology,SA,5,4,35733,35743,2.4374555555555557
ae108de6692a002d06c229192b33e742,/content/drive/MyDrive/NeuroBioSense_Dataset/NeuroBioSense/Advertisement Categories/Car_and_Technology/32/A07/SU/01.mp4,Car_and_Technology,SU,6,4,28923,28934,2.7718444444444446
b910d70ae94f1d45ca3b76a71d61bb53,/content/drive/MyDrive/NeuroBioSense_Dataset/NeuroBioSense/Advertisement Categories/Car_and_Technology/32/A07/A/01.mp4,Car_and_Technology,A,1,1,21018,21044,6.458322222222222
1a589a06fb8269e92a4ab7391a58b931,/content/drive/MyDrive/NeuroBioSense_Dataset/NeuroBioSense/Advertisement Categories/Car_and_Technology/32/A09/J/01.mp4,Car_and_Technology,J,4,4,84376,84384,1.9216444444444445
05f6fd1b7ad7c774ebb1ecff95363f70,/content/drive/MyDrive/NeuroBioSense_Dataset/NeuroBioSense/Advertisement Categories/Car_and_Technology/32/A09/D/01.mp4,Car_and_Technology,D,2,3,91926,91932,1.5380222222222222
144122f396e392424e444ef20a9c3eef,/content/drive/MyDrive/NeuroBioSense_Dataset/NeuroBioSense/Advertisement Categories/Car_and_Technology/32/A09/SU/01.mp4,Car_and_Technology,SU,6,3,67100,67107,1.7199777777777778
8023886fee1ada3a9c758a918e68e0bd,/content/drive/MyDrive/NeuroBioSense_Dataset/NeuroBioSense/Advertisement Categories/Car_and_Technology/32/A09/SA/01.mp4,Car_and_Technology,SA,5,0,117965,117975,2.4418222222222226
f0657db5a1118437af8b744f2cb662c2,/content/drive/MyDrive/NeuroBioSense_Dataset/NeuroBioSense/Advertisement Categories/Car_and_Technology/32/A01/A/01.mp4,Car_and_Technology,A,1,6,71032,71045,3.2316444444444445
7a6ed8d3c2db008d90be3be1afd8f641,/content/drive/MyDrive/NeuroBioSense_Dataset/NeuroBioSense/Advertisement Categories/Car_and_Technology/32/A01/SU/01.mp4,Car_and_Technology,SU,6,4,17179,17185,1.5883222222222222
151b49a7378bb96fcb9887189b0749c7,/content/drive/MyDrive/NeuroBioSense_Dataset/NeuroBioSense/Advertisement Categories/Car_and_Technology/32/A01/J/01.mp4,Car_and_Technology,J,4,4,36333,36352,4.766666666666667
c9ebae28e7951af6a02f61bf0d8d3f2c,/content/drive/MyDrive/NeuroBioSense_Dataset/NeuroBioSense/Advertisement Categories/Car_and_Technology/32/A06/J/01.mp4,Car_and_Technology,J,4,6,68197,68211,3.5386444444444445
9e013ea5d84d078d7e1b386fb0f96688,/content/drive/MyDrive/NeuroBioSense_Dataset/NeuroBioSense/Advertisement Categories/Car_and_Technology/32/A02/J/01.mp4,Car_and_Technology,J,4,4,4005,4025,5.064988888888889
e9efcca71d107af8771d695a44a34c61,/content/drive/MyDrive/NeuroBioSense_Dataset/NeuroBioSense/Advertisement Categories/Car_and_Technology/32/A02/SU/01.mp4,Car_and_Technology,SU,6,2,120501,120505,1.0066555555555556
d45d5b3c273d87a67b7fa7d39263441d,/content/drive/MyDrive/NeuroBioSense_Dataset/NeuroBioSense/Advertisement Categories/Car_and_Technology/32/A02/D/01.mp4,Car_and_Technology,D,2,6,63179,63194,3.6336444444444447
ba6d543b09fc0ea65a1ed8caf9068328,/content/drive/MyDrive/NeuroBioSense_Dataset/NeuroBioSense/Advertisement Categories/Car_and_Technology/32/A08/D/01.mp4,Car_and_Technology,D,2,6,87749,87754,1.2466555555555556
efb8e4e21e8c6784e505460ab21fc91c,/content/drive/MyDrive/NeuroBioSense_Dataset/NeuroBioSense/Advertisement Categories/Car_and_Technology/32/A08/J/01.mp4,Car_and_Technology,J,4,6,6772,6783,2.811977777777778
e7be8da6287f66c03a6ea1ede57526dd,/content/drive/MyDrive/NeuroBioSense_Dataset/NeuroBioSense/Advertisement Categories/Car_and_Technology/32/A08/F/01.mp4,Car_and_Technology,F,3,5,52883,52894,2.8135555555555554
364d7fcae44a11337c50a9abc07e28cd,/content/drive/MyDrive/NeuroBioSense_Dataset/NeuroBioSense/Advertisement Categories/Car_and_Technology/32/A10/SA/01.mp4,Car_and_Technology,SA,5,3,6945,6951,1.4782
02fad4b04e0508ea7ae21c7cb17a0217,/content/drive/MyDrive/NeuroBioSense_Dataset/NeuroBioSense/Advertisement Categories/Car_and_Technology/32/A10/F/01.mp4,Car_and_Technology,F,3,6,76792,76816,6.050422222222222
a8a9ed62f0e7d702e751d08668c35d32,/content/drive/MyDrive/NeuroBioSense_Dataset/NeuroBioSense/Advertisement Categories/Car_and_Technology/32/A03/J/01.mp4,Car_and_Technology,J,4,6,124456,124488,7.897044444444444
63a44db8ac4c7fccb28aaacf82f8db00,/content/drive/MyDrive/NeuroBioSense_Dataset/NeuroBioSense/Advertisement Categories/Car_and_Technology/32/A03/J/02.mp4,Car_and_Technology,J,4,0,14072,14088,3.933333333333333
6aa3ad73f60361b858ec678c04b52dd3,/content/drive/MyDrive/NeuroBioSense_Dataset/NeuroBioSense/Advertisement Categories/Car_and_Technology/32/A03/D/01.mp4,Car_and_Technology,D,2,4,126025,126062,9.1471
e7a2eaf56306c1d6c5e4ce5ff345bf1e,/content/drive/MyDrive/NeuroBioSense_Dataset/NeuroBioSense/Advertisement Categories/Car_and_Technology/32/A03/F/01.mp4,Car_and_Technology,F,3,4,47931,47935,1.0083111111111112
4b119588b80bb3cd3ad8dea692b1e640,/content/drive/MyDrive/NeuroBioSense_Dataset/NeuroBioSense/Advertisement Categories/Car_and_Technology/32/A05/SA/01.mp4,Car_and_Technology,SA,5,4,99899,99915,3.8883222222222225
1ab643b60c0fbea40beb75a5b38bb519,/content/drive/MyDrive/NeuroBioSense_Dataset/NeuroBioSense/Advertisement Categories/Car_and_Technology/32/A05/D/01.mp4,Car_and_Technology,D,2,6,140560,140592,8.023855555555556
c1b000e684337136fd90bcfb95c0af26,/content/drive/MyDrive/NeuroBioSense_Dataset/NeuroBioSense/Advertisement Categories/Car_and_Technology/32/A05/J/01.mp4,Car_and_Technology,J,4,2,30080,30137,14.361633333333334
213855b6e26eae96de2533fac6c7a2bb,/content/drive/MyDrive/NeuroBioSense_Dataset/NeuroBioSense/Advertisement Categories/Car_and_Technology/32/A04/J/01.mp4,Car_and_Technology,J,4,6,88138,88163,6.191633333333334
0f5432e042d9bdb6358a45de7ade07f0,/content/drive/MyDrive/NeuroBioSense_Dataset/NeuroBioSense/Advertisement Categories/Car_and_Technology/32/A04/F/01.mp4,Car_and_Technology,F,3,4,60409,60422,3.2916444444444446
067e76e93c303b9bdf36a1f8ceba57a0,/content/drive/MyDrive/NeuroBioSense_Dataset/NeuroBioSense/Advertisement Categories/Car_and_Technology/32/A04/A/01.mp4,Car_and_Technology,A,1,4,59084,59091,1.7199777777777778
b9e0d13fed7f7860defc895e1f0ab1e5,/content/drive/MyDrive/NeuroBioSense_Dataset/NeuroBioSense/Advertisement Categories/Car_and_Technology/29/A10/SU/01.mp4,Car_and_Technology,SU,6,6,6104,6111,1.665
bedf2e91e1f8a749b82cc36ededdce16,/content/drive/MyDrive/NeuroBioSense_Dataset/NeuroBioSense/Advertisement Categories/Car_and_Technology/29/A10/SA/01.mp4,Car_and_Technology,SA,5,4,9233,9248,3.6316555555555556
27b93594a8d4596f2afafe10b2a8e185,/content/drive/MyDrive/NeuroBioSense_Dataset/NeuroBioSense/Advertisement Categories/Car_and_Technology/29/A09/SA/01.mp4,Car_and_Technology,SA,5,4,36523,36546,5.7369666666666665
e09fc183c057d66feb96364cce2ddd3c,/content/drive/MyDrive/NeuroBioSense_Dataset/NeuroBioSense/Advertisement Categories/Car_and_Technology/29/A06/SA/01.mp4,Car_and_Technology,SA,5,4,144431,144442,2.745288888888889
ec1649c8d4f66b87dd0890141d783edd,/content/drive/MyDrive/NeuroBioSense_Dataset/NeuroBioSense/Advertisement Categories/Car_and_Technology/29/A04/N/01.mp4,Car_and_Technology,N,0,4,13127,13154,6.693811111111112
3c97a3f63f2a0bc94e68b2ff5f73c558,/content/drive/MyDrive/NeuroBioSense_Dataset/NeuroBioSense/Advertisement Categories/Car_and_Technology/29/A02/J/01.mp4,Car_and_Technology,J,4,6,88017,88044,6.7921
da3878286ba737b4b298050e3344b798,/content/drive/MyDrive/NeuroBioSense_Dataset/NeuroBioSense/Advertisement Categories/Car_and_Technology/29/A08/N/01.mp4,Car_and_Technology,N,0,0,117419,117452,8.143755555555556
94bf26c75fd2ae7969b5613a8d99ff72,/content/drive/MyDrive/NeuroBioSense_Dataset/NeuroBioSense/Advertisement Categories/Car_and_Technology/29/A01/N/01.mp4,Car_and_Technology,N,0,6,64140,64162,5.540366666666666
9b33445c0bbd9cf44fdd8730b1279088,/content/drive/MyDrive/NeuroBioSense_Dataset/NeuroBioSense/Advertisement Categories/Car_and_Technology/29/A07/N/01.mp4,Car_and_Technology,N,0,6,86756,86786,7.453777777777777
265914304dadade2c0d907a999b44a19,/content/drive/MyDrive/NeuroBioSense_Dataset/NeuroBioSense/Advertisement Categories/Car_and_Technology/29/A03/N/01.mp4,Car_and_Technology,N,0,4,48525,48549,5.923311111111111
05a942e3a67cc03752131844c3421c5e,/content/drive/MyDrive/NeuroBioSense_Dataset/NeuroBioSense/Advertisement Categories/Car_and_Technology/29/A05/A/01.mp4,Car_and_Technology,A,1,0,14618,14654,9.0571
31bdcc0d6f77517cd49c8e4fefe8ab24,/content/drive/MyDrive/NeuroBioSense_Dataset/NeuroBioSense/Advertisement Categories/Cosmetics_and_Fashion/14/A15/SU/1.mp4,Cosmetics_and_Fashion,SU,6,5,27636,27642,1.5682333333333334
ab8b46ed97811547fb924e70c7cbf668,/content/drive/MyDrive/NeuroBioSense_Dataset/NeuroBioSense/Advertisement Categories/Cosmetics_and_Fashion/14/A15/A/1.mp4,Cosmetics_and_Fashion,A,1,4,54388,54396,2.1021
8b6ebb925534f3ec23f8f0028abb294e,/content/drive/MyDrive/NeuroBioSense_Dataset/NeuroBioSense/Advertisement Categories/Cosmetics_and_Fashion/14/A12/J/1.mp4,Cosmetics_and_Fashion,J,4,6,76063,76071,1.9352666666666667
2c3c3fe39a0e7ad5757a40ed55993c47,/content/drive/MyDrive/NeuroBioSense_Dataset/NeuroBioSense/Advertisement Categories/Cosmetics_and_Fashion/14/A12/A/1.mp4,Cosmetics_and_Fashion,A,1,6,45288,45295,1.6683333333333334
ade7a9c7a38e7bd84386acae7d9a3eb5,/content/drive/MyDrive/NeuroBioSense_Dataset/NeuroBioSense/Advertisement Categories/Cosmetics_and_Fashion/14/A14/A/1.mp4,Cosmetics_and_Fashion,A,1,4,66711,66719,2.0687333333333333
556068055692a88154c14186af9f0e89,/content/drive/MyDrive/NeuroBioSense_Dataset/NeuroBioSense/Advertisement Categories/Cosmetics_and_Fashion/14/A14/J/1.mp4,Cosmetics_and_Fashion,J,4,4,135132,135144,3.1031
7f69db44f750bc559e0411e1bc3a0d80,/content/drive/MyDrive/NeuroBioSense_Dataset/NeuroBioSense/Advertisement Categories/Cosmetics_and_Fashion/14/A14/J/2.mp4,Cosmetics_and_Fashion,J,4,0,117201,117208,1.8685333333333334
59b70eb9cc62ae51eb71826a6862c204,/content/drive/MyDrive/NeuroBioSense_Dataset/NeuroBioSense/Advertisement Categories/Cosmetics_and_Fashion/14/A13/J/1.mp4,Cosmetics_and_Fashion,J,4,4,77427,77436,2.135466666666667
a2701d9a16979b0b70965206f7421346,/content/drive/MyDrive/NeuroBioSense_Dataset/NeuroBioSense/Advertisement Categories/Cosmetics_and_Fashion/14/A13/A/1.mp4,Cosmetics_and_Fashion,A,1,3,94569,94575,1.5015
f82215dcb7dcd97e53a5d50f59a8e4de,/content/drive/MyDrive/NeuroBioSense_Dataset/NeuroBioSense/Advertisement Categories/Cosmetics_and_Fashion/14/A04/SU/1.mp4,Cosmetics_and_Fashion,SU,6,2,33293,33301,1.9352666666666667
8f1e55fceb88a56c154a039a85182e54,/content/drive/MyDrive/NeuroBioSense_Dataset/NeuroBioSense/Advertisement Categories/Cosmetics_and_Fashion/14/A04/J/1.mp4,Cosmetics_and_Fashion,J,4,6,124498,124508,2.5692333333333335
7a4cef8e08fb2ef81c26d833f3a940d9,/content/drive/MyDrive/NeuroBioSense_Dataset/NeuroBioSense/Advertisement Categories/Cosmetics_and_Fashion/14/A04/J/2.mp4,Cosmetics_and_Fashion,J,4,4,18786,18794,2.0020000000000002
b55500e7a66533a7a2464e5fc9a31c88,/content/drive/MyDrive/NeuroBioSense_Dataset/NeuroBioSense/Advertisement Categories/Cosmetics_and_Fashion/14/A06/SU/1.mp4,Cosmetics_and_Fashion,SU,6,4,51153,51162,2.135466666666667
0508a08cfcc315a0aa3de0a50ed8a821,/content/drive/MyDrive/NeuroBioSense_Dataset/NeuroBioSense/Advertisement Categories/Cosmetics_and_Fashion/14/A06/A/1.mp4,Cosmetics_and_Fashion,A,1,5,30715,30723,1.9019
7cf61ad12be84e1c5109208e902a3ccc,/content/drive/MyDrive/NeuroBioSense_Dataset/NeuroBioSense/Advertisement Categories/Cosmetics_and_Fashion/14/A01/J/2.mp4,Cosmetics_and_Fashion,J,4,6,106878,106886,1.9019
6ddd695f7f6415c8b3008bfe6948c43e,/content/drive/MyDrive/NeuroBioSense_Dataset/NeuroBioSense/Advertisement Categories/Cosmetics_and_Fashion/14/A01/J/1.mp4,Cosmetics_and_Fashion,J,4,0,118827,118836,2.2022
108857dcdc600b0afa7b466a11a18699,/content/drive/MyDrive/NeuroBioSense_Dataset/NeuroBioSense/Advertisement Categories/Cosmetics_and_Fashion/14/A01/A/1.mp4,Cosmetics_and_Fashion,A,1,4,109874,109884,2.5025
86519cd607f67922012089470e1bb462,/content/drive/MyDrive/NeuroBioSense_Dataset/NeuroBioSense/Advertisement Categories/Cosmetics_and_Fashion/14/A01/SU/1.mp4,Cosmetics_and_Fashion,SU,6,4,28987,29000,3.2699333333333334
41c4b50e797b9d622494f3b6e57b9a16,/content/drive/MyDrive/NeuroBioSense_Dataset/NeuroBioSense/Advertisement Categories/Cosmetics_and_Fashion/14/A02/SU/1.mp4,Cosmetics_and_Fashion,SU,6,4,44065,44072,1.8018
e3a953334134e0ff93fccc752b4a6fa4,/content/drive/MyDrive/NeuroBioSense_Dataset/NeuroBioSense/Advertisement Categories/Cosmetics_and_Fashion/14/A02/SU/2.mp4,Cosmetics_and_Fashion,SU,6,0,136396,136406,2.5692333333333335
dd6d5a2f68448e50b8627f21f9af195e,/content/drive/MyDrive/NeuroBioSense_Dataset/NeuroBioSense/Advertisement Categories/Cosmetics_and_Fashion/14/A02/A/1.mp4,Cosmetics_and_Fashion,A,1,2,32140,32149,2.2022
9babad1c0c4c25cb0d381deac94836a5,/content/drive/MyDrive/NeuroBioSense_Dataset/NeuroBioSense/Advertisement Categories/Cosmetics_and_Fashion/14/A07/SU/1.mp4,Cosmetics_and_Fashion,SU,6,1,44101,44108,1.8685333333333334
2eaaad4971eb8799b42c0ea903fdc393,/content/drive/MyDrive/NeuroBioSense_Dataset/NeuroBioSense/Advertisement Categories/Cosmetics_and_Fashion/14/A07/A/1.mp4,Cosmetics_and_Fashion,A,1,6,52108,52116,2.1021
eacd5d6f702e284d2d939a0ff84f3fc9,/content/drive/MyDrive/NeuroBioSense_Dataset/NeuroBioSense/Advertisement Categories/Cosmetics_and_Fashion/14/A08/J/1.mp4,Cosmetics_and_Fashion,J,4,6,137138,137146,2.1021
364753a01441d76f31deba6328616532,/content/drive/MyDrive/NeuroBioSense_Dataset/NeuroBioSense/Advertisement Categories/Cosmetics_and_Fashion/14/A08/J/2.mp4,Cosmetics_and_Fashion,J,4,2,19342,19350,2.1021
f766534cc7c6a869ebcf6aa3815c95bc,/content/drive/MyDrive/NeuroBioSense_Dataset/NeuroBioSense/Advertisement Categories/Cosmetics_and_Fashion/14/A08/J/3.mp4,Cosmetics_and_Fashion,J,4,4,2670,2677,1.6349666666666667
32f7fb96eba17776a6c7b1827c6f72e9,/content/drive/MyDrive/NeuroBioSense_Dataset/NeuroBioSense/Advertisement Categories/Cosmetics_and_Fashion/14/A10/SA/1.mp4,Cosmetics_and_Fashion,SA,5,3,63662,63672,2.5025
875f346131d63ea3ae25c972a86130e6,/content/drive/MyDrive/NeuroBioSense_Dataset/NeuroBioSense/Advertisement Categories/Cosmetics_and_Fashion/14/A10/A/1.mp4,Cosmetics_and_Fashion,A,1,0,7395,7403,2.0687333333333333
67375bef2c91f89e735c4da131729dfa,/content/drive/MyDrive/NeuroBioSense_Dataset/NeuroBioSense/Advertisement Categories/Cosmetics_and_Fashion/14/A11/J/1.mp4,Cosmetics_and_Fashion,J,4,0,133500,133508,1.9019
d54a5a13323ee448271f6f38f42b76b1,/content/drive/MyDrive/NeuroBioSense_Dataset/NeuroBioSense/Advertisement Categories/Cosmetics_and_Fashion/14/A11/A/1.mp4,Cosmetics_and_Fashion,A,1,4,101353,101362,2.2355666666666667
29b722edcab2ff4e0a5eb3f6b3800359,/content/drive/MyDrive/NeuroBioSense_Dataset/NeuroBioSense/Advertisement Categories/Cosmetics_and_Fashion/14/A05/J/1.mp4,Cosmetics_and_Fashion,J,4,0,133773,133779,1.5015
bff78002d6d7fcd214168cc51bb17c22,/content/drive/MyDrive/NeuroBioSense_Dataset/NeuroBioSense/Advertisement Categories/Cosmetics_and_Fashion/14/A05/SU/1.mp4,Cosmetics_and_Fashion,SU,6,4,25029,25035,1.6016000000000001
2a9490c6109053a113a0c107be1592ab,/content/drive/MyDrive/NeuroBioSense_Dataset/NeuroBioSense/Advertisement Categories/Cosmetics_and_Fashion/14/A05/A/1.mp4,Cosmetics_and_Fashion,A,1,4,66121,66130,2.2355666666666667
74bc3115dd4f3d35c8d5f0632aa53a19,/content/drive/MyDrive/NeuroBioSense_Dataset/NeuroBioSense/Advertisement Categories/Cosmetics_and_Fashion/14/A09/A/1.mp4,Cosmetics_and_Fashion,A,1,2,120444,120452,2.0020000000000002
49b07aacd210e78ff9c865e070d4146b,/content/drive/MyDrive/NeuroBioSense_Dataset/NeuroBioSense/Advertisement Categories/Cosmetics_and_Fashion/14/A09/J/1.mp4,Cosmetics_and_Fashion,J,4,1,126858,126868,2.4024
f251e65dbc417ef07339aa18d5e68739,/content/drive/MyDrive/NeuroBioSense_Dataset/NeuroBioSense/Advertisement Categories/Cosmetics_and_Fashion/14/A03/J/2.mp4,Cosmetics_and_Fashion,J,4,0,39005,39013,2.1021
48d1466717315e8d02b9215d1dac3606,/content/drive/MyDrive/NeuroBioSense_Dataset/NeuroBioSense/Advertisement Categories/Cosmetics_and_Fashion/14/A03/J/1.mp4,Cosmetics_and_Fashion,J,4,4,19142,19153,2.8361666666666667
4c77065343797102d8253785be9f1fa4,/content/drive/MyDrive/NeuroBioSense_Dataset/NeuroBioSense/Advertisement Categories/Cosmetics_and_Fashion/5/A09/N/1.mp4,Cosmetics_and_Fashion,N,0,2,10407,10414,1.7684333333333333
224f1415573543e1f6a36048ad61f986,/content/drive/MyDrive/NeuroBioSense_Dataset/NeuroBioSense/Advertisement Categories/Cosmetics_and_Fashion/5/A04/J/1.mp4,Cosmetics_and_Fashion,J,4,4,25654,25666,2.9029000000000003
118612a8911ff68191db7681ccf2b94d,/content/drive/MyDrive/NeuroBioSense_Dataset/NeuroBioSense/Advertisement Categories/Cosmetics_and_Fashion/5/A15/N/1.mp4,Cosmetics_and_Fashion,N,0,4,43268,43275,1.7684333333333333
7b5f17544a11d80a2b687b84ebaf67fc,/content/drive/MyDrive/NeuroBioSense_Dataset/NeuroBioSense/Advertisement Categories/Cosmetics_and_Fashion/5/A12/N/1.mp4,Cosmetics_and_Fashion,N,0,3,27496,27503,1.6683333333333334
5f51172d85eca034bbc9087fe3a28774,/content/drive/MyDrive/NeuroBioSense_Dataset/NeuroBioSense/Advertisement Categories/Cosmetics_and_Fashion/5/A13/N/1.mp4,Cosmetics_and_Fashion,N,0,4,110234,110241,1.6349666666666667
3a7ad6c48fbc0b36e1d99d1eb636b35d,/content/drive/MyDrive/NeuroBioSense_Dataset/NeuroBioSense/Advertisement Categories/Cosmetics_and_Fashion/5/A11/N/1.mp4,Cosmetics_and_Fashion,N,0,0,133132,133141,2.2355666666666667
6dc97befc57b1171b54cbcbda554f950,/content/drive/MyDrive/NeuroBioSense_Dataset/NeuroBioSense/Advertisement Categories/Cosmetics_and_Fashion/5/A10/N/1.mp4,Cosmetics_and_Fashion,N,0,4,63962,63972,2.469133333333333
10c1f727e893023654a6f2fb7c41519c,/content/drive/MyDrive/NeuroBioSense_Dataset/NeuroBioSense/Advertisement Categories/Cosmetics_and_Fashion/5/A07/J/1.mp4,Cosmetics_and_Fashion,J,4,3,91833,91842,2.2355666666666667
1014f2d21859aa9262d26418463900c4,/content/drive/MyDrive/NeuroBioSense_Dataset/NeuroBioSense/Advertisement Categories/Cosmetics_and_Fashion/5/A01/N/1.mp4,Cosmetics_and_Fashion,N,0,1,21010,21021,2.8361666666666667
ffac1e3fd217542be9112193ad5b14d1,/content/drive/MyDrive/NeuroBioSense_Dataset/NeuroBioSense/Advertisement Categories/Cosmetics_and_Fashion/5/A06/N/1.mp4,Cosmetics_and_Fashion,N,0,4,49006,49013,1.8685333333333334
5da909a32c3ef24b6283609db9b1ca38,/content/drive/MyDrive/NeuroBioSense_Dataset/NeuroBioSense/Advertisement Categories/Cosmetics_and_Fashion/5/A14/N/1.mp4,Cosmetics_and_Fashion,N,0,5,15288,15295,1.8685333333333334
45a8ccdf5abbf1064ad02f540817c333,/content/drive/MyDrive/NeuroBioSense_Dataset/NeuroBioSense/Advertisement Categories/Cosmetics_and_Fashion/5/A08/J/1.mp4,Cosmetics_and_Fashion,J,4,6,103969,103982,3.370033333333333
64036af991f9bae2590eb77a329079d5,/content/drive/MyDrive/NeuroBioSense_Dataset/NeuroBioSense/Advertisement Categories/Cosmetics_and_Fashion/5/A02/J/1.mp4,Cosmetics_and_Fashion,J,4,6,3565,3578,3.3033
603520fd792fbcf45ca29c7ad4e4cffb,/content/drive/MyDrive/NeuroBioSense_Dataset/NeuroBioSense/Advertisement Categories/Cosmetics_and_Fashion/5/A05/N/1.mp4,Cosmetics_and_Fashion,N,0,5,56434,56441,1.8018
f123104b47a3122a41734372c40d1198,/content/drive/MyDrive/NeuroBioSense_Dataset/NeuroBioSense/Advertisement Categories/Cosmetics_and_Fashion/5/A03/N/1.mp4,Cosmetics_and_Fashion,N,0,4,38803,38813,2.6026000000000002
d389322ec776967a4d993d7ac6d49c30,/content/drive/MyDrive/NeuroBioSense_Dataset/NeuroBioSense/Advertisement Categories/Cosmetics_and_Fashion/13/A02/A/1.mp4,Cosmetics_and_Fashion,A,1,4,115259,115268,2.2022
794365cfe251f4694cf0b55215105a72,/content/drive/MyDrive/NeuroBioSense_Dataset/NeuroBioSense/Advertisement Categories/Cosmetics_and_Fashion/13/A02/J/1.mp4,Cosmetics_and_Fashion,J,4,4,51630,51639,2.3023000000000002
cbada44d06a0ab3cf0943b10cb6a335f,/content/drive/MyDrive/NeuroBioSense_Dataset/NeuroBioSense/Advertisement Categories/Cosmetics_and_Fashion/13/A13/SU/1.mp4,Cosmetics_and_Fashion,SU,6,3,100143,100148,1.2345666666666666
7ba68d821c809f57f5bf65a590b3df62,/content/drive/MyDrive/NeuroBioSense_Dataset/NeuroBioSense/Advertisement Categories/Cosmetics_and_Fashion/13/A14/N/1.mp4,Cosmetics_and_Fashion,N,0,3,108588,108595,1.6349666666666667
54071c23228883989730be566554b3bc,/content/drive/MyDrive/NeuroBioSense_Dataset/NeuroBioSense/Advertisement Categories/Cosmetics_and_Fashion/13/A12/N/1.mp4,Cosmetics_and_Fashion,N,0,2,138602,138610,1.9019
0721e2a0e85bceeb46953d977260c33d,/content/drive/MyDrive/NeuroBioSense_Dataset/NeuroBioSense/Advertisement Categories/Cosmetics_and_Fashion/13/A09/N/1.mp4,Cosmetics_and_Fashion,N,0,3,78343,78352,2.2689333333333335
55b4481b2bdc60058967ff7194a085d3,/content/drive/MyDrive/NeuroBioSense_Dataset/NeuroBioSense/Advertisement Categories/Cosmetics_and_Fashion/13/A06/N/1.mp4,Cosmetics_and_Fashion,N,0,4,111904,111914,2.5358666666666667
0f35dba86e4982d22107c44805260e48,/content/drive/MyDrive/NeuroBioSense_Dataset/NeuroBioSense/Advertisement Categories/Cosmetics_and_Fashion/13/A01/J/1.mp4,Cosmetics_and_Fashion,J,4,5,27577,27586,2.3690333333333333
3ec86d10191120f95a17a3a327315a68,/content/drive/MyDrive/NeuroBioSense_Dataset/NeuroBioSense/Advertisement Categories/Cosmetics_and_Fashion/13/A03/J/1.mp4,Cosmetics_and_Fashion,J,4,0,143259,143271,2.9696333333333333
bf7437061bcedfe71c588fb8e2eaef46,/content/drive/MyDrive/NeuroBioSense_Dataset/NeuroBioSense/Advertisement Categories/Cosmetics_and_Fashion/13/A10/A/1.mp4,Cosmetics_and_Fashion,A,1,4,73060,73068,2.0353666666666665
151a0dfb12a3746a6abeca47972297c2,/content/drive/MyDrive/NeuroBioSense_Dataset/NeuroBioSense/Advertisement Categories/Cosmetics_and_Fashion/13/A05/SU/1.mp4,Cosmetics_and_Fashion,SU,6,6,93410,93419,2.168833333333333
584f4f23c88d5e67eedccdb829342874,/content/drive/MyDrive/NeuroBioSense_Dataset/NeuroBioSense/Advertisement Categories/Cosmetics_and_Fashion/13/A04/A/1.mp4,Cosmetics_and_Fashion,A,1,4,15867,15874,1.6349666666666667
cf571fddbb8c369d138a2b6e08c91074,/content/drive/MyDrive/NeuroBioSense_Dataset/NeuroBioSense/Advertisement Categories/Cosmetics_and_Fashion/13/A08/N/1.mp4,Cosmetics_and_Fashion,N,0,6,138365,138374,2.3690333333333333
96419010ecd297b55ac7a786d6e50ef9,/content/drive/MyDrive/NeuroBioSense_Dataset/NeuroBioSense/Advertisement Categories/Cosmetics_and_Fashion/13/A07/J/1.mp4,Cosmetics_and_Fashion,J,4,3,66297,66307,2.435766666666667
543f888b1c4e5f7e82f311e36650975c,/content/drive/MyDrive/NeuroBioSense_Dataset/NeuroBioSense/Advertisement Categories/Cosmetics_and_Fashion/13/A11/N/1.mp4,Cosmetics_and_Fashion,N,0,4,86393,86400,1.8685333333333334
7ca23241ee516674143047dbb099ed98,/content/drive/MyDrive/NeuroBioSense_Dataset/NeuroBioSense/Advertisement Categories/Cosmetics_and_Fashion/13/A15/N/1.mp4,Cosmetics_and_Fashion,N,0,4,57056,57063,1.6683333333333334
30df8fcdf932c45e1c40ae0900083451,/content/drive/MyDrive/NeuroBioSense_Dataset/NeuroBioSense/Advertisement Categories/Cosmetics_and_Fashion/12/A09/A/1.mp4,Cosmetics_and_Fashion,A,1,6,65404,65416,3.003
3ad5dc7143e67202652976c420f8a25a,/content/drive/MyDrive/NeuroBioSense_Dataset/NeuroBioSense/Advertisement Categories/Cosmetics_and_Fashion/12/A03/J/1.mp4,Cosmetics_and_Fashion,J,4,6,89504,89515,2.8028
2228e306139963f93c488f8a53bcd471,/content/drive/MyDrive/NeuroBioSense_Dataset/NeuroBioSense/Advertisement Categories/Cosmetics_and_Fashion/12/A12/J/2.mp4,Cosmetics_and_Fashion,J,4,2,30165,30173,2.1021
5fb5951119eb770345780769502c5063,/content/drive/MyDrive/NeuroBioSense_Dataset/NeuroBioSense/Advertisement Categories/Cosmetics_and_Fashion/12/A12/J/1.mp4,Cosmetics_and_Fashion,J,4,4,115672,115680,1.9019
256b597a154172a2d7ca678b2414c89c,/content/drive/MyDrive/NeuroBioSense_Dataset/NeuroBioSense/Advertisement Categories/Cosmetics_and_Fashion/12/A14/J/1.mp4,Cosmetics_and_Fashion,J,4,6,146289,146304,3.7370666666666668
fdc6a3b85d681c6902d064e84a1f03bc,/content/drive/MyDrive/NeuroBioSense_Dataset/NeuroBioSense/Advertisement Categories/Cosmetics_and_Fashion/12/A15/A/1.mp4,Cosmetics_and_Fashion,A,1,4,146539,146547,1.9019
a0f1c8bcad50fb93b398f4e9ff255438,/content/drive/MyDrive/NeuroBioSense_Dataset/NeuroBioSense/Advertisement Categories/Cosmetics_and_Fashion/12/A15/A/2.mp4,Cosmetics_and_Fashion,A,1,4,80883,80894,2.769433333333333
73dd09bc002f7b477682f0186b15fd1f,/content/drive/MyDrive/NeuroBioSense_Dataset/NeuroBioSense/Advertisement Categories/Cosmetics_and_Fashion/12/A15/SA/1.mp4,Cosmetics_and_Fashion,SA,5,6,138063,138070,1.7684333333333333
d523268fed9e44ba4b07d5b8c4c57584,/content/drive/MyDrive/NeuroBioSense_Dataset/NeuroBioSense/Advertisement Categories/Cosmetics_and_Fashion/12/A06/J/1.mp4,Cosmetics_and_Fashion,J,4,0,119360,119369,2.2355666666666667
834c1e3c7b1a3e4febebfc3251bd842e,/content/drive/MyDrive/NeuroBioSense_Dataset/NeuroBioSense/Advertisement Categories/Cosmetics_and_Fashion/12/A10/A/1.mp4,Cosmetics_and_Fashion,A,1,4,41309,41317,2.1021
088d7b2c8e5ecd9390bb5cdfb74878a4,/content/drive/MyDrive/NeuroBioSense_Dataset/NeuroBioSense/Advertisement Categories/Cosmetics_and_Fashion/12/A01/J/1.mp4,Cosmetics_and_Fashion,J,4,6,2903,2912,2.2355666666666667
bd72b1163466c723513a297fba1b15c1,/content/drive/MyDrive/NeuroBioSense_Dataset/NeuroBioSense/Advertisement Categories/Cosmetics_and_Fashion/12/A07/A/1.mp4,Cosmetics_and_Fashion,A,1,6,96385,96395,2.435766666666667
a4b129594afdfefad7ad92c8ab7415e5,/content/drive/MyDrive/NeuroBioSense_Dataset/NeuroBioSense/Advertisement Categories/Cosmetics_and_Fashion/12/A07/J/1.mp4,Cosmetics_and_Fashion,J,4,6,131370,131378,2.1021
c40e477d08120c476a3c3e3efff5d6fb,/content/drive/MyDrive/NeuroBioSense_Dataset/NeuroBioSense/Advertisement Categories/Cosmetics_and_Fashion/12/A08/J/1.mp4,Cosmetics_and_Fashion,J,4,1,126215,126228,3.2032000000000003
9cd5442acaf7de836b067ce1522c80a5,/content/drive/MyDrive/NeuroBioSense_Dataset/NeuroBioSense/Advertisement Categories/Cosmetics_and_Fashion/12/A08/A/1.mp4,Cosmetics_and_Fashion,A,1,0,125934,125943,2.3690333333333333
4eea6e50672a5920166f8a604a4a5072,/content/drive/MyDrive/NeuroBioSense_Dataset/NeuroBioSense/Advertisement Categories/Cosmetics_and_Fashion/12/A13/A/1.mp4,Cosmetics_and_Fashion,A,1,4,15880,15888,1.9686333333333335
7941f2c6acc8e0e51c13175723410cf2,/content/drive/MyDrive/NeuroBioSense_Dataset/NeuroBioSense/Advertisement Categories/Cosmetics_and_Fashion/12/A04/J/1.mp4,Cosmetics_and_Fashion,J,4,6,24578,24588,2.5025
a3e136dd1ae6353d5d9d1eb7a05ec01a,/content/drive/MyDrive/NeuroBioSense_Dataset/NeuroBioSense/Advertisement Categories/Cosmetics_and_Fashion/12/A04/J/2.mp4,Cosmetics_and_Fashion,J,4,2,41114,41122,2.0020000000000002
6c7e75f9eb8e5aaafad583d7e08a3c2f,/content/drive/MyDrive/NeuroBioSense_Dataset/NeuroBioSense/Advertisement Categories/Cosmetics_and_Fashion/12/A11/J/1.mp4,Cosmetics_and_Fashion,J,4,6,89954,89964,2.469133333333333
fef10658eebf2ab675286c4209f4b12b,/content/drive/MyDrive/NeuroBioSense_Dataset/NeuroBioSense/Advertisement Categories/Cosmetics_and_Fashion/12/A02/N/1.mp4,Cosmetics_and_Fashion,N,0,4,80746,80756,2.5025
efbd2d0ac87f89c9312463ba978de449,/content/drive/MyDrive/NeuroBioSense_Dataset/NeuroBioSense/Advertisement Categories/Cosmetics_and_Fashion/12/A05/J/1.mp4,Cosmetics_and_Fashion,J,4,4,56839,56847,2.1021
1af60b95b182e74a6fecdff2b9afb985,/content/drive/MyDrive/NeuroBioSense_Dataset/NeuroBioSense/Advertisement Categories/Cosmetics_and_Fashion/12/A05/SU/1.mp4,Cosmetics_and_Fashion,SU,6,3,77832,77843,2.736066666666667
7ba18898f8f3a7150351ebddeea4c6ee,/content/drive/MyDrive/NeuroBioSense_Dataset/NeuroBioSense/Advertisement Categories/Cosmetics_and_Fashion/3/A15/J/1.mp4,Cosmetics_and_Fashion,J,4,6,9217,9230,3.2365666666666666
66d97b75498312058b30e9c133c85374,/content/drive/MyDrive/NeuroBioSense_Dataset/NeuroBioSense/Advertisement Categories/Cosmetics_and_Fashion/3/A14/A/1.mp4,Cosmetics_and_Fashion,A,1,4,135241,135253,3.069733333333333
43a03996550ddda36c3ebd56c3d7fb77,/content/drive/MyDrive/NeuroBioSense_Dataset/NeuroBioSense/Advertisement Categories/Cosmetics_and_Fashion/3/A13/J/1.mp4,Cosmetics_and_Fashion,J,4,5,127779,127784,1.3680333333333334
4f6dc4d204c51a62fa6f13366d8c1aec,/content/drive/MyDrive/NeuroBioSense_Dataset/NeuroBioSense/Advertisement Categories/Cosmetics_and_Fashion/3/A07/N/1.mp4,Cosmetics_and_Fashion,N,0,4,138752,138762,2.5025
989a8e2408c6fb6310e2f2834180e41a,/content/drive/MyDrive/NeuroBioSense_Dataset/NeuroBioSense/Advertisement Categories/Cosmetics_and_Fashion/3/A12/SU/1.mp4,Cosmetics_and_Fashion,SU,6,3,89770,89779,2.3356666666666666
0ee3a2251df16be4817d6bdc78266498,/content/drive/MyDrive/NeuroBioSense_Dataset/NeuroBioSense/Advertisement Categories/Cosmetics_and_Fashion/3/A05/SU/1.mp4,Cosmetics_and_Fashion,SU,6,2,140341,140350,2.2022
09775396f9c874aab17aaaa8506776b0,/content/drive/MyDrive/NeuroBioSense_Dataset/NeuroBioSense/Advertisement Categories/Cosmetics_and_Fashion/3/A08/J/1.mp4,Cosmetics_and_Fashion,J,4,6,568,582,3.4034
a001169d257ab4558254380573f6d1db,/content/drive/MyDrive/NeuroBioSense_Dataset/NeuroBioSense/Advertisement Categories/Cosmetics_and_Fashion/3/A11/N/1.mp4,Cosmetics_and_Fashion,N,0,3,100447,100457,2.5025
e817592166c2f95f53bd34bdb9649eaf,/content/drive/MyDrive/NeuroBioSense_Dataset/NeuroBioSense/Advertisement Categories/Cosmetics_and_Fashion/3/A09/N/1.mp4,Cosmetics_and_Fashion,N,0,4,18812,18819,1.8685333333333334
7e098b7763b7886b7b9e6e458af9f66a,/content/drive/MyDrive/NeuroBioSense_Dataset/NeuroBioSense/Advertisement Categories/Cosmetics_and_Fashion/3/A03/SA/1.mp4,Cosmetics_and_Fashion,SA,5,4,119121,119131,2.435766666666667
9d94bf5a43bd09412a7242d623c67968,/content/drive/MyDrive/NeuroBioSense_Dataset/NeuroBioSense/Advertisement Categories/Cosmetics_and_Fashion/3/A04/N/1.mp4,Cosmetics_and_Fashion,N,0,3,86196,86205,2.3690333333333333
e011141efb676a60307d0490888dc072,/content/drive/MyDrive/NeuroBioSense_Dataset/NeuroBioSense/Advertisement Categories/Cosmetics_and_Fashion/3/A06/N/1.mp4,Cosmetics_and_Fashion,N,0,5,2454,2463,2.3690333333333333
0c20da30e812857474a0971e2594e28c,/content/drive/MyDrive/NeuroBioSense_Dataset/NeuroBioSense/Advertisement Categories/Cosmetics_and_Fashion/3/A01/J/1.mp4,Cosmetics_and_Fashion,J,4,4,114039,114056,4.3043000000000005
8b420f59460bf0f0739bf7322aca071a,/content/drive/MyDrive/NeuroBioSense_Dataset/NeuroBioSense/Advertisement Categories/Cosmetics_and_Fashion/3/A02/N/1.mp4,Cosmetics_and_Fashion,N,0,0,140041,140050,2.168833333333333
b931141a29799a5e8f9fc03d89df2269,/content/drive/MyDrive/NeuroBioSense_Dataset/NeuroBioSense/Advertisement Categories/Cosmetics_and_Fashion/3/A10/N/1.mp4,Cosmetics_and_Fashion,N,0,1,123768,123777,2.3690333333333333
14a476e4c9f15c08b930e05b9bc1e2e6,/content/drive/MyDrive/NeuroBioSense_Dataset/NeuroBioSense/Advertisement Categories/Cosmetics_and_Fashion/2/A09/A/1.mp4,Cosmetics_and_Fashion,A,1,4,79825,79841,3.9706333333333332
5b04e8df5c81c4426bf6efd59fe967c4,/content/drive/MyDrive/NeuroBioSense_Dataset/NeuroBioSense/Advertisement Categories/Cosmetics_and_Fashion/2/A09/SA/1.mp4,Cosmetics_and_Fashion,SA,5,4,76387,76398,2.769433333333333
436c1ef47378b3c2e97d0bcd922c5cf1,/content/drive/MyDrive/NeuroBioSense_Dataset/NeuroBioSense/Advertisement Categories/Cosmetics_and_Fashion/2/A06/SU/1.mp4,Cosmetics_and_Fashion,SU,6,6,27868,27875,1.7017
63e233f432daf1126125e2c1a9a17a6c,/content/drive/MyDrive/NeuroBioSense_Dataset/NeuroBioSense/Advertisement Categories/Cosmetics_and_Fashion/2/A12/SU/1.mp4,Cosmetics_and_Fashion,SU,6,4,72512,72519,1.8685333333333334
c3c6a165bee635344498fd3e3d620bae,/content/drive/MyDrive/NeuroBioSense_Dataset/NeuroBioSense/Advertisement Categories/Cosmetics_and_Fashion/2/A12/J/1.mp4,Cosmetics_and_Fashion,J,4,4,83684,83693,2.168833333333333
d6ffb12650802cd5642fdfb968a26b60,/content/drive/MyDrive/NeuroBioSense_Dataset/NeuroBioSense/Advertisement Categories/Cosmetics_and_Fashion/2/A08/SU/1.mp4,Cosmetics_and_Fashion,SU,6,1,50870,50877,1.7684333333333333
e47b6d0eb4d316c0f687bf17ecc259f2,/content/drive/MyDrive/NeuroBioSense_Dataset/NeuroBioSense/Advertisement Categories/Cosmetics_and_Fashion/2/A08/J/1.mp4,Cosmetics_and_Fashion,J,4,4,121457,121476,4.671333333333333
0bdb236b05be1e5992ff4cf9cb5cbced,/content/drive/MyDrive/NeuroBioSense_Dataset/NeuroBioSense/Advertisement Categories/Cosmetics_and_Fashion/2/A07/SU/1.mp4,Cosmetics_and_Fashion,SU,6,4,109771,109777,1.4014
6707db6f28bd17d17f3b4790e5f7d46b,/content/drive/MyDrive/NeuroBioSense_Dataset/NeuroBioSense/Advertisement Categories/Cosmetics_and_Fashion/2/A07/J/1.mp4,Cosmetics_and_Fashion,J,4,4,91053,91064,2.6693333333333333
828628ea0f04f5e6b72c0c263b9e14c8,/content/drive/MyDrive/NeuroBioSense_Dataset/NeuroBioSense/Advertisement Categories/Cosmetics_and_Fashion/2/A07/A/1.mp4,Cosmetics_and_Fashion,A,1,6,82239,82249,2.6026000000000002
ed2fcae1744aa6a76e61c1b1f0ba059b,/content/drive/MyDrive/NeuroBioSense_Dataset/NeuroBioSense/Advertisement Categories/Cosmetics_and_Fashion/2/A11/N/1.mp4,Cosmetics_and_Fashion,N,0,3,109370,109381,2.8695333333333335
68d22113e51c7a94c02ea1fc92972c77,/content/drive/MyDrive/NeuroBioSense_Dataset/NeuroBioSense/Advertisement Categories/Cosmetics_and_Fashion/2/A13/SU/1.mp4,Cosmetics_and_Fashion,SU,6,4,80501,80507,1.5682333333333334
6fba55ae0ab79c3df1248307a987ba4f,/content/drive/MyDrive/NeuroBioSense_Dataset/NeuroBioSense/Advertisement Categories/Cosmetics_and_Fashion/2/A01/J/2.mp4,Cosmetics_and_Fashion,J,4,3,83542,83552,2.5025
7097aaf4922bef97835d9cebe699e479,/content/drive/MyDrive/NeuroBioSense_Dataset/NeuroBioSense/Advertisement Categories/Cosmetics_and_Fashion/2/A01/J/1.mp4,Cosmetics_and_Fashion,J,4,2,138542,138557,3.636966666666667
a4ecadc3bbb0656ff6eeaf391339acbf,/content/drive/MyDrive/NeuroBioSense_Dataset/NeuroBioSense/Advertisement Categories/Cosmetics_and_Fashion/2/A01/SU/1.mp4,Cosmetics_and_Fashion,SU,6,6,95593,95603,2.4024
b92f67ddaa4276b8cfe5b95e1b5b7b27,/content/drive/MyDrive/NeuroBioSense_Dataset/NeuroBioSense/Advertisement Categories/Cosmetics_and_Fashion/2/A14/J/1.mp4,Cosmetics_and_Fashion,J,4,4,37601,37615,3.4034
05bd0e18995668f0f2f27dd5463ba1e2,/content/drive/MyDrive/NeuroBioSense_Dataset/NeuroBioSense/Advertisement Categories/Cosmetics_and_Fashion/2/A15/D/1.mp4,Cosmetics_and_Fashion,D,2,2,120285,120301,3.937266666666667
87da445a16965338e457b911ed2d244a,/content/drive/MyDrive/NeuroBioSense_Dataset/NeuroBioSense/Advertisement Categories/Cosmetics_and_Fashion/2/A03/SU/1.mp4,Cosmetics_and_Fashion,SU,6,4,134679,134687,1.9019
3142995374f78eb63c32212b519a84f2,/content/drive/MyDrive/NeuroBioSense_Dataset/NeuroBioSense/Advertisement Categories/Cosmetics_and_Fashion/2/A03/J/1.mp4,Cosmetics_and_Fashion,J,4,6,61626,61638,2.9362666666666666
45f0d1ad9de766c207ff1e2af0248fb8,/content/drive/MyDrive/NeuroBioSense_Dataset/NeuroBioSense/Advertisement Categories/Cosmetics_and_Fashion/2/A03/A/1.mp4,Cosmetics_and_Fashion,A,1,3,94573,94589,3.937266666666667
833f07d3e01a71becf487f4e6a3248d4,/content/drive/MyDrive/NeuroBioSense_Dataset/NeuroBioSense/Advertisement Categories/Cosmetics_and_Fashion/2/A10/SA/1.mp4,Cosmetics_and_Fashion,SA,5,6,137926,137943,4.170833333333333
56af46d4e30d61f1e5642f7088d07f5f,/content/drive/MyDrive/NeuroBioSense_Dataset/NeuroBioSense/Advertisement Categories/Cosmetics_and_Fashion/2/A05/J/1.mp4,Cosmetics_and_Fashion,J,4,0,117795,117806,2.6359666666666666
eabd81efed7120bc9be08d963d40e2f2,/content/drive/MyDrive/NeuroBioSense_Dataset/NeuroBioSense/Advertisement Categories/Cosmetics_and_Fashion/2/A05/A/1.mp4,Cosmetics_and_Fashion,A,1,6,81071,81080,2.3690333333333333
8637f61b69be5c9f82988115fd8943bf,/content/drive/MyDrive/NeuroBioSense_Dataset/NeuroBioSense/Advertisement Categories/Cosmetics_and_Fashion/2/A05/SU/1.mp4,Cosmetics_and_Fashion,SU,6,1,129062,129072,2.5358666666666667
806f3075c12deaaac1b6cbfd67edcff0,/content/drive/MyDrive/NeuroBioSense_Dataset/NeuroBioSense/Advertisement Categories/Cosmetics_and_Fashion/2/A04/J/1.mp4,Cosmetics_and_Fashion,J,4,1,2008,2019,2.736066666666667
6fddac00d04cf70841cacb60f75e8378,/content/drive/MyDrive/NeuroBioSense_Dataset/NeuroBioSense/Advertisement Categories/Cosmetics_and_Fashion/2/A04/SU/1.mp4,Cosmetics_and_Fashion,SU,6,4,138507,138518,2.769433333333333
20d18c49cfa23bfa768aad31c6731802,/content/drive/MyDrive/NeuroBioSense_Dataset/NeuroBioSense/Advertisement Categories/Cosmetics_and_Fashion/2/A02/J/1.mp4,Cosmetics_and_Fashion,J,4,4,72436,72446,2.5025
8d8df350fe2449d2e9ce249e02782c47,/content/drive/MyDrive/NeuroBioSense_Dataset/NeuroBioSense/Advertisement Categories/Cosmetics_and_Fashion/2/A02/SU/1.mp4,Cosmetics_and_Fashion,SU,6,6,59621,59627,1.4347666666666667
db3a2813e171553734cfa1fe106baf1b,/content/drive/MyDrive/NeuroBioSense_Dataset/NeuroBioSense/Advertisement Categories/Cosmetics_and_Fashion/15/A09/SU/1.mp4,Cosmetics_and_Fashion,SU,6,0,133504,133513,2.168833333333333
4511534f3c9b32cda4c748c4281b13a4,/content/drive/MyDrive/NeuroBioSense_Dataset/NeuroBioSense/Advertisement Categories/Cosmetics_and_Fashion/15/A08/J/2.mp4,Cosmetics_and_Fashion,J,4,3,60852,60863,2.736066666666667
f4f4697a2b857d21ddbe9df0b7e29ad8,/content/drive/MyDrive/NeuroBioSense_Dataset/NeuroBioSense/Advertisement Categories/Cosmetics_and_Fashion/15/A08/J/1.mp4,Cosmetics_and_Fashion,J,4,6,5968,5979,2.736066666666667
71bbe100610cc01235aaca070224bb6b,/content/drive/MyDrive/NeuroBioSense_Dataset/NeuroBioSense/Advertisement Categories/Cosmetics_and_Fashion/15/A07/SU/1.mp4,Cosmetics_and_Fashion,SU,6,3,6874,6882,2.1021
357efab84a5840d4b63a7bf9e6374306,/content/drive/MyDrive/NeuroBioSense_Dataset/NeuroBioSense/Advertisement Categories/Cosmetics_and_Fashion/15/A07/J/1.mp4,Cosmetics_and_Fashion,J,4,6,103897,103904,1.7017
85347aa5063077bd0d7d11c1ea4d14c2,/content/drive/MyDrive/NeuroBioSense_Dataset/NeuroBioSense/Advertisement Categories/Cosmetics_and_Fashion/15/A15/N/1.mp4,Cosmetics_and_Fashion,N,0,5,17116,17123,1.8018
b2db5ff3a6e4b267e8cc8b494ff138a9,/content/drive/MyDrive/NeuroBioSense_Dataset/NeuroBioSense/Advertisement Categories/Cosmetics_and_Fashion/15/A12/SU/1.mp4,Cosmetics_and_Fashion,SU,6,0,144210,144218,1.9019
3b29d975b0e87f326b3aa2a9d9d46a9f,/content/drive/MyDrive/NeuroBioSense_Dataset/NeuroBioSense/Advertisement Categories/Cosmetics_and_Fashion/15/A12/J/1.mp4,Cosmetics_and_Fashion,J,4,0,143562,143570,1.9019
9e57d2b5c292d635c3cf3e676ab4ef73,/content/drive/MyDrive/NeuroBioSense_Dataset/NeuroBioSense/Advertisement Categories/Cosmetics_and_Fashion/15/A13/J/1.mp4,Cosmetics_and_Fashion,J,4,4,71713,71723,2.5692333333333335
dbc9550b41172c2d0385cfaeff40af47,/content/drive/MyDrive/NeuroBioSense_Dataset/NeuroBioSense/Advertisement Categories/Cosmetics_and_Fashion/15/A14/J/1.mp4,Cosmetics_and_Fashion,J,4,6,108064,108074,2.5692333333333335
5df8c4b8ebd9f117b89e6a438801f1c7,/content/drive/MyDrive/NeuroBioSense_Dataset/NeuroBioSense/Advertisement Categories/Cosmetics_and_Fashion/15/A14/SU/1.mp4,Cosmetics_and_Fashion,SU,6,6,88176,88184,2.0687333333333333
068a992c62da3f968b9919e88082a8e2,/content/drive/MyDrive/NeuroBioSense_Dataset/NeuroBioSense/Advertisement Categories/Cosmetics_and_Fashion/15/A05/SU/2.mp4,Cosmetics_and_Fashion,SU,6,6,90296,90302,1.6016000000000001
1e3c07f3b1153cadcf90078c9b8c0d08,/content/drive/MyDrive/NeuroBioSense_Dataset/NeuroBioSense/Advertisement Categories/Cosmetics_and_Fashion/15/A05/SU/1.mp4,Cosmetics_and_Fashion,SU,6,4,116386,116394,1.9019
71e11a3b074255b5627471eeae7d8c19,/content/drive/MyDrive/NeuroBioSense_Dataset/NeuroBioSense/Advertisement Categories/Cosmetics_and_Fashion/15/A05/J/2.mp4,Cosmetics_and_Fashion,J,4,4,41435,41444,2.2355666666666667
2b9973a92106828fe1e3d5609e1fe707,/content/drive/MyDrive/NeuroBioSense_Dataset/NeuroBioSense/Advertisement Categories/Cosmetics_and_Fashion/15/A05/J/1.mp4,Cosmetics_and_Fashion,J,4,6,113076,113083,1.7017
082669e6451412dbb4348e6769f2c94c,/content/drive/MyDrive/NeuroBioSense_Dataset/NeuroBioSense/Advertisement Categories/Cosmetics_and_Fashion/15/A04/N/1.mp4,Cosmetics_and_Fashion,N,0,6,7281,7288,1.8685333333333334
6f728f65eb5dc3f96600eb047bf1a498,/content/drive/MyDrive/NeuroBioSense_Dataset/NeuroBioSense/Advertisement Categories/Cosmetics_and_Fashion/15/A06/A/1.mp4,Cosmetics_and_Fashion,A,1,6,57529,57535,1.6016000000000001
3d7e5500673cc14fa8b221637aae4dd0,/content/drive/MyDrive/NeuroBioSense_Dataset/NeuroBioSense/Advertisement Categories/Cosmetics_and_Fashion/15/A06/SU/1.mp4,Cosmetics_and_Fashion,SU,6,4,114236,114243,1.7350666666666668
be05b7f270431fa0c2ef0969390068a7,/content/drive/MyDrive/NeuroBioSense_Dataset/NeuroBioSense/Advertisement Categories/Cosmetics_and_Fashion/15/A10/J/1.mp4,Cosmetics_and_Fashion,J,4,0,143507,143517,2.5358666666666667
fdcd051c90c2be8e5c2bbfd0f9eeafe6,/content/drive/MyDrive/NeuroBioSense_Dataset/NeuroBioSense/Advertisement Categories/Cosmetics_and_Fashion/15/A01/SU/2.mp4,Cosmetics_and_Fashion,SU,6,6,82712,82721,2.135466666666667
ccd72c535543c16b60ac6b8bba06fdd0,/content/drive/MyDrive/NeuroBioSense_Dataset/NeuroBioSense/Advertisement Categories/Cosmetics_and_Fashion/15/A01/SU/1.mp4,Cosmetics_and_Fashion,SU,6,3,108684,108691,1.7350666666666668
ac0d04c174b6b6fe0d5bb9772d01b795,/content/drive/MyDrive/NeuroBioSense_Dataset/NeuroBioSense/Advertisement Categories/Cosmetics_and_Fashion/15/A01/J/2.mp4,Cosmetics_and_Fashion,J,4,4,43129,43138,2.168833333333333
885d70744540d695d8190b6a04cb1e88,/content/drive/MyDrive/NeuroBioSense_Dataset/NeuroBioSense/Advertisement Categories/Cosmetics_and_Fashion/15/A01/J/1.mp4,Cosmetics_and_Fashion,J,4,4,137074,137082,2.0020000000000002
5b53c8fc9e9607411a4be322399d27bf,/content/drive/MyDrive/NeuroBioSense_Dataset/NeuroBioSense/Advertisement Categories/Cosmetics_and_Fashion/15/A03/J/2.mp4,Cosmetics_and_Fashion,J,4,4,63134,63144,2.4024
519f089f1ca9d29083af2cb3dcf52fb7,/content/drive/MyDrive/NeuroBioSense_Dataset/NeuroBioSense/Advertisement Categories/Cosmetics_and_Fashion/15/A03/J/1.mp4,Cosmetics_and_Fashion,J,4,6,71806,71815,2.168833333333333
d5f1b6a5c72b6291fb43ecadd2d096e7,/content/drive/MyDrive/NeuroBioSense_Dataset/NeuroBioSense/Advertisement Categories/Cosmetics_and_Fashion/15/A03/J/3.mp4,Cosmetics_and_Fashion,J,4,0,143311,143322,2.6359666666666666
705a5a2c8e8b1b1219a62db4ac9129f8,/content/drive/MyDrive/NeuroBioSense_Dataset/NeuroBioSense/Advertisement Categories/Cosmetics_and_Fashion/15/A03/SU/1.mp4,Cosmetics_and_Fashion,SU,6,4,92827,92835,2.0687333333333333
7fc6236e0baba9584e63966ab09dc6d1,/content/drive/MyDrive/NeuroBioSense_Dataset/NeuroBioSense/Advertisement Categories/Cosmetics_and_Fashion/15/A02/J/1.mp4,Cosmetics_and_Fashion,J,4,6,120691,120701,2.5025
e1b88fbbea572904dad276d9463a0011,/content/drive/MyDrive/NeuroBioSense_Dataset/NeuroBioSense/Advertisement Categories/Cosmetics_and_Fashion/15/A11/J/1.mp4,Cosmetics_and_Fashion,J,4,6,53067,53074,1.7350666666666668
3c9ef1c40df964792bbd84dc4819715a,/content/drive/MyDrive/NeuroBioSense_Dataset/NeuroBioSense/Advertisement Categories/Cosmetics_and_Fashion/4/A09/N/1.mp4,Cosmetics_and_Fashion,N,0,2,140349,140363,3.5702333333333334
a3afdc89f725ee933e67115bff6aa5d6,/content/drive/MyDrive/NeuroBioSense_Dataset/NeuroBioSense/Advertisement Categories/Cosmetics_and_Fashion/4/A06/N/1.mp4,Cosmetics_and_Fashion,N,0,4,85602,85610,2.1021
cf0fe9d071db68729b5b80a18efd9823,/content/drive/MyDrive/NeuroBioSense_Dataset/NeuroBioSense/Advertisement Categories/Cosmetics_and_Fashion/4/A15/J/1.mp4,Cosmetics_and_Fashion,J,4,6,99184,99194,2.435766666666667
5b36a1ae11e8d90c03a7c3fe0341f0d0,/content/drive/MyDrive/NeuroBioSense_Dataset/NeuroBioSense/Advertisement Categories/Cosmetics_and_Fashion/4/A12/J/1.mp4,Cosmetics_and_Fashion,J,4,2,124698,124707,2.2355666666666667
3010499b6a7a84e21ca432f557183ef5,/content/drive/MyDrive/NeuroBioSense_Dataset/NeuroBioSense/Advertisement Categories/Cosmetics_and_Fashion/4/A13/D/1.mp4,Cosmetics_and_Fashion,D,2,6,37215,37220,1.2345666666666666
d813ca98e552467d0f4af187e5cbeb78,/content/drive/MyDrive/NeuroBioSense_Dataset/NeuroBioSense/Advertisement Categories/Cosmetics_and_Fashion/4/A07/SU/1.mp4,Cosmetics_and_Fashion,SU,6,6,84246,84251,1.2345666666666666
7169ea4e3aa1d534bdf3fa6636fb0428,/content/drive/MyDrive/NeuroBioSense_Dataset/NeuroBioSense/Advertisement Categories/Cosmetics_and_Fashion/4/A07/J/1.mp4,Cosmetics_and_Fashion,J,4,4,112901,112907,1.4347666666666667
8709330256169eaaf9596434ba8dcc1e,/content/drive/MyDrive/NeuroBioSense_Dataset/NeuroBioSense/Advertisement Categories/Cosmetics_and_Fashion/4/A08/J/1.mp4,Cosmetics_and_Fashion,J,4,5,24784,24795,2.6359666666666666
f3b58e504003586d5b8b41b60f57228a,/content/drive/MyDrive/NeuroBioSense_Dataset/NeuroBioSense/Advertisement Categories/Cosmetics_and_Fashion/4/A10/N/1.mp4,Cosmetics_and_Fashion,N,0,4,112984,112997,3.2365666666666666
53f8b8c4a5995cd879d335c8452d9dcc,/content/drive/MyDrive/NeuroBioSense_Dataset/NeuroBioSense/Advertisement Categories/Cosmetics_and_Fashion/4/A14/SA/1.mp4,Cosmetics_and_Fashion,SA,5,4,100522,100531,2.2022
6045c3024a0222609de073bf0d9c615e,/content/drive/MyDrive/NeuroBioSense_Dataset/NeuroBioSense/Advertisement Categories/Cosmetics_and_Fashion/4/A14/J/1.mp4,Cosmetics_and_Fashion,J,4,3,83402,83414,3.069733333333333
2afa66dfec7a160701163feaa06d8c06,/content/drive/MyDrive/NeuroBioSense_Dataset/NeuroBioSense/Advertisement Categories/Cosmetics_and_Fashion/4/A11/SU/1.mp4,Cosmetics_and_Fashion,SU,6,2,142877,142883,1.4347666666666667
c80f76384f70bdb86569f530a03f17da,/content/drive/MyDrive/NeuroBioSense_Dataset/NeuroBioSense/Advertisement Categories/Cosmetics_and_Fashion/4/A11/J/1.mp4,Cosmetics_and_Fashion,J,4,4,139527,139537,2.5358666666666667
357af6a92379444ff68923bc45307c92,/content/drive/MyDrive/NeuroBioSense_Dataset/NeuroBioSense/Advertisement Categories/Cosmetics_and_Fashion/4/A01/SU/1.mp4,Cosmetics_and_Fashion,SU,6,3,94536,94546,2.6026000000000002
3cb05ea8e4bebbe0a8fa3cac33be3144,/content/drive/MyDrive/NeuroBioSense_Dataset/NeuroBioSense/Advertisement Categories/Cosmetics_and_Fashion/4/A03/J/1.mp4,Cosmetics_and_Fashion,J,4,4,63626,63634,2.1021
192bcea57ae0aafe7ba49883a44b9a23,/content/drive/MyDrive/NeuroBioSense_Dataset/NeuroBioSense/Advertisement Categories/Cosmetics_and_Fashion/4/A02/J/1.mp4,Cosmetics_and_Fashion,J,4,6,90175,90184,2.3023000000000002
e9c6b62a238108e58cfa06f34814998e,/content/drive/MyDrive/NeuroBioSense_Dataset/NeuroBioSense/Advertisement Categories/Cosmetics_and_Fashion/4/A04/D/1.mp4,Cosmetics_and_Fashion,D,2,0,140664,140675,2.736066666666667
2afbb273db853ea56299b9a4f2b804e2,/content/drive/MyDrive/NeuroBioSense_Dataset/NeuroBioSense/Advertisement Categories/Cosmetics_and_Fashion/4/A05/J/1.mp4,Cosmetics_and_Fashion,J,4,2,125466,125477,2.736066666666667
91dde1f7e9556b5b003d0e4d1f36e194,/content/drive/MyDrive/NeuroBioSense_Dataset/NeuroBioSense/Advertisement Categories/Cosmetics_and_Fashion/7/A15/N/1.mp4,Cosmetics_and_Fashion,N,0,3,74941,74947,1.6016000000000001
d3eab483dacdfd1be09bfc7530295cb8,/content/drive/MyDrive/NeuroBioSense_Dataset/NeuroBioSense/Advertisement Categories/Cosmetics_and_Fashion/7/A12/N/1.mp4,Cosmetics_and_Fashion,N,0,6,105136,105142,1.5682333333333334
5e9aaec1570abf36bb4a1a4dc2067a83,/content/drive/MyDrive/NeuroBioSense_Dataset/NeuroBioSense/Advertisement Categories/Cosmetics_and_Fashion/7/A14/J/1.mp4,Cosmetics_and_Fashion,J,4,4,16768,16777,2.2689333333333335
96c0310d9a2bafb822eb1a3148a1e4b9,/content/drive/MyDrive/NeuroBioSense_Dataset/NeuroBioSense/Advertisement Categories/Cosmetics_and_Fashion/7/A07/N/1.mp4,Cosmetics_and_Fashion,N,0,5,142630,142639,2.168833333333333
079a9361d6e4d67a9a702920fcecdeb2,/content/drive/MyDrive/NeuroBioSense_Dataset/NeuroBioSense/Advertisement Categories/Cosmetics_and_Fashion/7/A04/J/1.mp4,Cosmetics_and_Fashion,J,4,6,33084,33091,1.8018
926a6f92132060ef035ea3bb492c9cff,/content/drive/MyDrive/NeuroBioSense_Dataset/NeuroBioSense/Advertisement Categories/Cosmetics_and_Fashion/7/A04/D/1.mp4,Cosmetics_and_Fashion,D,2,4,114636,114645,2.2022
ec46d6850fddba824af9a86ff708c488,/content/drive/MyDrive/NeuroBioSense_Dataset/NeuroBioSense/Advertisement Categories/Cosmetics_and_Fashion/7/A09/A/1.mp4,Cosmetics_and_Fashion,A,1,3,69991,70008,4.137466666666667
4381709dbdfd1e29528bdb11bf38418e,/content/drive/MyDrive/NeuroBioSense_Dataset/NeuroBioSense/Advertisement Categories/Cosmetics_and_Fashion/7/A13/J/1.mp4,Cosmetics_and_Fashion,J,4,6,55129,55139,2.5025
57a1d6e8d83920702f0161f6243a1603,/content/drive/MyDrive/NeuroBioSense_Dataset/NeuroBioSense/Advertisement Categories/Cosmetics_and_Fashion/7/A05/J/1.mp4,Cosmetics_and_Fashion,J,4,4,80535,80547,3.003
8d8555b0f86711da361ccd7af6f005f4,/content/drive/MyDrive/NeuroBioSense_Dataset/NeuroBioSense/Advertisement Categories/Cosmetics_and_Fashion/7/A08/J/1.mp4,Cosmetics_and_Fashion,J,4,6,13279,13288,2.3023000000000002
0adad092184659dc321a982f12185ea3,/content/drive/MyDrive/NeuroBioSense_Dataset/NeuroBioSense/Advertisement Categories/Cosmetics_and_Fashion/7/A01/J/1.mp4,Cosmetics_and_Fashion,J,4,4,63962,63976,3.4367666666666667
4e3cd415bb157deb82a715b1ee3ff1e5,/content/drive/MyDrive/NeuroBioSense_Dataset/NeuroBioSense/Advertisement Categories/Cosmetics_and_Fashion/7/A11/J/1.mp4,Cosmetics_and_Fashion,J,4,5,33808,33819,2.6359666666666666
75da2f950bdbb014375273d19ed41736,/content/drive/MyDrive/NeuroBioSense_Dataset/NeuroBioSense/Advertisement Categories/Cosmetics_and_Fashion/7/A06/N/1.mp4,Cosmetics_and_Fashion,N,0,4,22573,22581,2.0687333333333333
0b2cb52d3d394b64d24d2b4b3b6cc989,/content/drive/MyDrive/NeuroBioSense_Dataset/NeuroBioSense/Advertisement Categories/Cosmetics_and_Fashion/7/A02/J/1.mp4,Cosmetics_and_Fashion,J,4,6,74488,74500,2.9029000000000003
b5cc6710e6433ddbad4119c9f7b8c564,/content/drive/MyDrive/NeuroBioSense_Dataset/NeuroBioSense/Advertisement Categories/Cosmetics_and_Fashion/7/A03/J/1.mp4,Cosmetics_and_Fashion,J,4,6,84254,84261,1.8018
e7320ad519c6e90f1c3df5b7a625d0fe,/content/drive/MyDrive/NeuroBioSense_Dataset/NeuroBioSense/Advertisement Categories/Cosmetics_and_Fashion/7/A10/J/1.mp4,Cosmetics_and_Fashion,J,4,6,76649,76660,2.769433333333333
8202896d241ad81fc6ce469071a9e590,/content/drive/MyDrive/NeuroBioSense_Dataset/NeuroBioSense/Advertisement Categories/Cosmetics_and_Fashion/10/A01/A/1.mp4,Cosmetics_and_Fashion,A,1,3,74985,74994,2.2022
6db26f4832315ae0e93f10a79aab4e93,/content/drive/MyDrive/NeuroBioSense_Dataset/NeuroBioSense/Advertisement Categories/Cosmetics_and_Fashion/10/A09/SA/1.mp4,Cosmetics_and_Fashion,SA,5,4,80064,80076,2.9362666666666666
7a37d079a5a6f2ac1f1e3e5e1bda9742,/content/drive/MyDrive/NeuroBioSense_Dataset/NeuroBioSense/Advertisement Categories/Cosmetics_and_Fashion/10/A12/J/1.mp4,Cosmetics_and_Fashion,J,4,5,135778,135785,1.7350666666666668
075a8ca7e90482baf0ae05dc4ed6ea5b,/content/drive/MyDrive/NeuroBioSense_Dataset/NeuroBioSense/Advertisement Categories/Cosmetics_and_Fashion/10/A08/J/1.mp4,Cosmetics_and_Fashion,J,4,4,15542,15553,2.8695333333333335
d54e75ec094024e69cc60c7f3908e3cf,/content/drive/MyDrive/NeuroBioSense_Dataset/NeuroBioSense/Advertisement Categories/Cosmetics_and_Fashion/10/A08/J/2.mp4,Cosmetics_and_Fashion,J,4,0,119754,119765,2.8028
38df999bc5ab3e50832a5d45aa933200,/content/drive/MyDrive/NeuroBioSense_Dataset/NeuroBioSense/Advertisement Categories/Cosmetics_and_Fashion/10/A08/J/5.mp4,Cosmetics_and_Fashion,J,4,4,66931,66939,1.9019
9ab31e4de2bb13120ed29ca4685910e7,/content/drive/MyDrive/NeuroBioSense_Dataset/NeuroBioSense/Advertisement Categories/Cosmetics_and_Fashion/10/A08/J/3.mp4,Cosmetics_and_Fashion,J,4,6,62965,62976,2.6359666666666666
d9b397ccaeb22c437efc2053fcac6236,/content/drive/MyDrive/NeuroBioSense_Dataset/NeuroBioSense/Advertisement Categories/Cosmetics_and_Fashion/10/A08/J/4.mp4,Cosmetics_and_Fashion,J,4,2,123860,123868,2.1021
ea598eef1e72d43d0a1e20aac34fbdbc,/content/drive/MyDrive/NeuroBioSense_Dataset/NeuroBioSense/Advertisement Categories/Cosmetics_and_Fashion/10/A08/SU/1.mp4,Cosmetics_and_Fashion,SU,6,6,35088,35097,2.168833333333333
d973aeef7fd802bf04494c6553bb0647,/content/drive/MyDrive/NeuroBioSense_Dataset/NeuroBioSense/Advertisement Categories/Cosmetics_and_Fashion/10/A14/SU/1.mp4,Cosmetics_and_Fashion,SU,6,4,55799,55809,2.5692333333333335
4ce147cb024aab85142913ae0e76f1ea,/content/drive/MyDrive/NeuroBioSense_Dataset/NeuroBioSense/Advertisement Categories/Cosmetics_and_Fashion/10/A14/J/1.mp4,Cosmetics_and_Fashion,J,4,4,24942,24951,2.3690333333333333
0c3e088c8e924df59fd44dddd91a885a,/content/drive/MyDrive/NeuroBioSense_Dataset/NeuroBioSense/Advertisement Categories/Cosmetics_and_Fashion/10/A07/N/1.mp4,Cosmetics_and_Fashion,N,0,6,46806,46812,1.4347666666666667
94332f65f282a274017d030877682fe9,/content/drive/MyDrive/NeuroBioSense_Dataset/NeuroBioSense/Advertisement Categories/Cosmetics_and_Fashion/10/A06/N/1.mp4,Cosmetics_and_Fashion,N,0,0,47084,47093,2.2355666666666667
f7d54b7a8abee973cd7e7c511e887df2,/content/drive/MyDrive/NeuroBioSense_Dataset/NeuroBioSense/Advertisement Categories/Cosmetics_and_Fashion/10/A03/D/1.mp4,Cosmetics_and_Fashion,D,2,6,92609,92624,3.7037
08165cb1bc0e2fc0d894330dfa2f6dd7,/content/drive/MyDrive/NeuroBioSense_Dataset/NeuroBioSense/Advertisement Categories/Cosmetics_and_Fashion/10/A03/J/1.mp4,Cosmetics_and_Fashion,J,4,4,114676,114689,3.2699333333333334
1e5034eb56eda9908e10396ab7c1e23d,/content/drive/MyDrive/NeuroBioSense_Dataset/NeuroBioSense/Advertisement Categories/Cosmetics_and_Fashion/10/A15/SU/1.mp4,Cosmetics_and_Fashion,SU,6,1,8327,8335,2.0353666666666665
34c80c159b840509313984432c8343a3,/content/drive/MyDrive/NeuroBioSense_Dataset/NeuroBioSense/Advertisement Categories/Cosmetics_and_Fashion/10/A13/J/2.mp4,Cosmetics_and_Fashion,J,4,6,45156,45161,1.3013000000000001
b0aeadd42e35acfe810e17fe4ca33680,/content/drive/MyDrive/NeuroBioSense_Dataset/NeuroBioSense/Advertisement Categories/Cosmetics_and_Fashion/10/A13/J/1.mp4,Cosmetics_and_Fashion,J,4,6,113080,113085,1.3013000000000001
159744626684fe2ea1a755d57b80a4b1,/content/drive/MyDrive/NeuroBioSense_Dataset/NeuroBioSense/Advertisement Categories/Cosmetics_and_Fashion/10/A13/SU/1.mp4,Cosmetics_and_Fashion,SU,6,6,34902,34910,2.0020000000000002
a1268b80455161a99fc1a2b0da923625,/content/drive/MyDrive/NeuroBioSense_Dataset/NeuroBioSense/Advertisement Categories/Cosmetics_and_Fashion/10/A10/J/1.mp4,Cosmetics_and_Fashion,J,4,4,16308,16315,1.6683333333333334
1fc0b7e6518359491f47faaf7e8e4be8,/content/drive/MyDrive/NeuroBioSense_Dataset/NeuroBioSense/Advertisement Categories/Cosmetics_and_Fashion/10/A10/SA/1.mp4,Cosmetics_and_Fashion,SA,5,4,38308,38315,1.7684333333333333
66dbf5abb168e742a807a0754cd839f6,/content/drive/MyDrive/NeuroBioSense_Dataset/NeuroBioSense/Advertisement Categories/Cosmetics_and_Fashion/10/A04/J/1.mp4,Cosmetics_and_Fashion,J,4,5,43870,43882,3.003
24a410989e65e49d838791e45b48ed4a,/content/drive/MyDrive/NeuroBioSense_Dataset/NeuroBioSense/Advertisement Categories/Cosmetics_and_Fashion/10/A11/J/1.mp4,Cosmetics_and_Fashion,J,4,4,51222,51228,1.5682333333333334
56f33be93ac856e629ef98e715a83137,/content/drive/MyDrive/NeuroBioSense_Dataset/NeuroBioSense/Advertisement Categories/Cosmetics_and_Fashion/10/A11/D/2.mp4,Cosmetics_and_Fashion,D,2,2,43935,43943,1.9019
ec4540fde04cd10a4eaae84086492b5b,/content/drive/MyDrive/NeuroBioSense_Dataset/NeuroBioSense/Advertisement Categories/Cosmetics_and_Fashion/10/A11/D/1.mp4,Cosmetics_and_Fashion,D,2,1,31852,31860,2.1021
249107eca44adeb78a724e13b376f0ce,/content/drive/MyDrive/NeuroBioSense_Dataset/NeuroBioSense/Advertisement Categories/Cosmetics_and_Fashion/10/A05/SU/1.mp4,Cosmetics_and_Fashion,SU,6,4,127554,127559,1.1678333333333333
6dfa0abdd8def5b1491eab57a094aa52,/content/drive/MyDrive/NeuroBioSense_Dataset/NeuroBioSense/Advertisement Categories/Cosmetics_and_Fashion/10/A05/SA/1.mp4,Cosmetics_and_Fashion,SA,5,6,5072,5081,2.3690333333333333
8944b42cd356567f571de19c077ae783,/content/drive/MyDrive/NeuroBioSense_Dataset/NeuroBioSense/Advertisement Categories/Cosmetics_and_Fashion/10/A02/J/1.mp4,Cosmetics_and_Fashion,J,4,4,108994,109005,2.7027
8424305337b88927049627e4b030c1d2,/content/drive/MyDrive/NeuroBioSense_Dataset/NeuroBioSense/Advertisement Categories/Cosmetics_and_Fashion/10/A02/J/2.mp4,Cosmetics_and_Fashion,J,4,6,13247,13257,2.5692333333333335
cc427cb7fcc1b423094ea1cc2f8a666c,/content/drive/MyDrive/NeuroBioSense_Dataset/NeuroBioSense/Advertisement Categories/Cosmetics_and_Fashion/6/A09/N/1.mp4,Cosmetics_and_Fashion,N,0,4,75120,75128,2.1021
d98ceb1d5f60968a50589d1bd393aa43,/content/drive/MyDrive/NeuroBioSense_Dataset/NeuroBioSense/Advertisement Categories/Cosmetics_and_Fashion/6/A12/J/1.mp4,Cosmetics_and_Fashion,J,4,6,6105,6178,18.2182
027f9f09e83ee99c2185d3f61d9a2b7b,/content/drive/MyDrive/NeuroBioSense_Dataset/NeuroBioSense/Advertisement Categories/Cosmetics_and_Fashion/6/A14/SA/1.mp4,Cosmetics_and_Fashion,SA,5,4,80229,80239,2.435766666666667
bda10cc343163897306baf9ff45626fb,/content/drive/MyDrive/NeuroBioSense_Dataset/NeuroBioSense/Advertisement Categories/Cosmetics_and_Fashion/6/A04/J/1.mp4,Cosmetics_and_Fashion,J,4,6,90934,90946,3.036366666666667
a4dadb25c72d7d9a61ffd5e8391fc73b,/content/drive/MyDrive/NeuroBioSense_Dataset/NeuroBioSense/Advertisement Categories/Cosmetics_and_Fashion/6/A06/J/1.mp4,Cosmetics_and_Fashion,J,4,5,116514,116523,2.168833333333333
91e74cb5c3a7815e1743d94063dc7996,/content/drive/MyDrive/NeuroBioSense_Dataset/NeuroBioSense/Advertisement Categories/Cosmetics_and_Fashion/6/A15/N/1.mp4,Cosmetics_and_Fashion,N,0,2,120476,120481,1.2679333333333334
a9cc7115096fe6f254d98da3f8bb0166,/content/drive/MyDrive/NeuroBioSense_Dataset/NeuroBioSense/Advertisement Categories/Cosmetics_and_Fashion/6/A07/N/1.mp4,Cosmetics_and_Fashion,N,0,4,4812,4821,2.3356666666666666
3a9da55ccdfde5bee5a82135d2cf0dd0,/content/drive/MyDrive/NeuroBioSense_Dataset/NeuroBioSense/Advertisement Categories/Cosmetics_and_Fashion/6/A01/N/1.mp4,Cosmetics_and_Fashion,N,0,4,106995,107003,2.0353666666666665
2ded0514d08305493261b12b42adf49f,/content/drive/MyDrive/NeuroBioSense_Dataset/NeuroBioSense/Advertisement Categories/Cosmetics_and_Fashion/6/A02/N/1.mp4,Cosmetics_and_Fashion,N,0,4,79114,79125,2.7027
df921721fa34a95922297fda1455c86f,/content/drive/MyDrive/NeuroBioSense_Dataset/NeuroBioSense/Advertisement Categories/Cosmetics_and_Fashion/6/A03/D/1.mp4,Cosmetics_and_Fashion,D,2,3,103140,103156,4.1041
eeb067c8fc8006abd5e1b3cbab365734,/content/drive/MyDrive/NeuroBioSense_Dataset/NeuroBioSense/Advertisement Categories/Cosmetics_and_Fashion/6/A10/SA/1.mp4,Cosmetics_and_Fashion,SA,5,2,56683,56696,3.336666666666667
ab0d5b71777b041c0801ca1c68347a44,/content/drive/MyDrive/NeuroBioSense_Dataset/NeuroBioSense/Advertisement Categories/Cosmetics_and_Fashion/6/A11/N/1.mp4,Cosmetics_and_Fashion,N,0,2,44770,44780,2.5692333333333335
b83384cef4338109443c363c1d36c495,/content/drive/MyDrive/NeuroBioSense_Dataset/NeuroBioSense/Advertisement Categories/Cosmetics_and_Fashion/6/A08/N/1.mp4,Cosmetics_and_Fashion,N,0,5,49742,49750,2.1021
e7cd27037d99ba302c12d70c359fe986,/content/drive/MyDrive/NeuroBioSense_Dataset/NeuroBioSense/Advertisement Categories/Cosmetics_and_Fashion/6/A13/J/1.mp4,Cosmetics_and_Fashion,J,4,4,108194,108200,1.5348666666666666
780d6d54fb80965ab096a1219dd630a5,/content/drive/MyDrive/NeuroBioSense_Dataset/NeuroBioSense/Advertisement Categories/Cosmetics_and_Fashion/6/A05/SA/1.mp4,Cosmetics_and_Fashion,SA,5,6,77289,77298,2.2355666666666667
ef0841e11d1c57de69ba7cd4ce6533de,/content/drive/MyDrive/NeuroBioSense_Dataset/NeuroBioSense/Advertisement Categories/Cosmetics_and_Fashion/1/A15/N/1.mp4,Cosmetics_and_Fashion,N,0,4,42820,42830,2.4024
fe896543ee84e1be31f08a7d9c2cc9fd,/content/drive/MyDrive/NeuroBioSense_Dataset/NeuroBioSense/Advertisement Categories/Cosmetics_and_Fashion/1/A12/SA/1.mp4,Cosmetics_and_Fashion,SA,5,5,3824,3828,0.9676333333333333
ae71ac37e793df57566f5a1535f1d1bb,/content/drive/MyDrive/NeuroBioSense_Dataset/NeuroBioSense/Advertisement Categories/Cosmetics_and_Fashion/1/A12/A/1.mp4,Cosmetics_and_Fashion,A,1,4,64726,64736,2.6026000000000002
1fa474d46047f60a7612bd26c9738453,/content/drive/MyDrive/NeuroBioSense_Dataset/NeuroBioSense/Advertisement Categories/Cosmetics_and_Fashion/1/A13/SA/1.mp4,Cosmetics_and_Fashion,SA,5,6,109897,109904,1.8685333333333334
657000db33e1aaebb00ac392090e0a12,/content/drive/MyDrive/NeuroBioSense_Dataset/NeuroBioSense/Advertisement Categories/Cosmetics_and_Fashion/1/A13/A/1.mp4,Cosmetics_and_Fashion,A,1,2,32412,32420,1.9686333333333335
05c4c57e04a5f18cee05452be75ba7de,/content/drive/MyDrive/NeuroBioSense_Dataset/NeuroBioSense/Advertisement Categories/Cosmetics_and_Fashion/1/A08/J/1.mp4,Cosmetics_and_Fashion,J,4,6,110308,110321,3.2699333333333334
e1ca3543af6cb07f25bf39b5249f04e4,/content/drive/MyDrive/NeuroBioSense_Dataset/NeuroBioSense/Advertisement Categories/Cosmetics_and_Fashion/1/A07/N/1.mp4,Cosmetics_and_Fashion,N,0,5,139177,139188,2.736066666666667
8d8008e43a53a1f1f693482ae6e95a60,/content/drive/MyDrive/NeuroBioSense_Dataset/NeuroBioSense/Advertisement Categories/Cosmetics_and_Fashion/1/A14/J/1.mp4,Cosmetics_and_Fashion,J,4,4,65928,65937,2.2022
01e2aaa8fb77f2af1795b52edaf88560,/content/drive/MyDrive/NeuroBioSense_Dataset/NeuroBioSense/Advertisement Categories/Cosmetics_and_Fashion/1/A14/A/1.mp4,Cosmetics_and_Fashion,A,1,6,65177,65188,2.769433333333333
613e7515edc2b0ee03ec2c531c87f6db,/content/drive/MyDrive/NeuroBioSense_Dataset/NeuroBioSense/Advertisement Categories/Cosmetics_and_Fashion/1/A09/A/1.mp4,Cosmetics_and_Fashion,A,1,6,64504,64519,3.8038
59f158cfc5aa8976cc2f896be84f2c37,/content/drive/MyDrive/NeuroBioSense_Dataset/NeuroBioSense/Advertisement Categories/Cosmetics_and_Fashion/1/A09/J/1.mp4,Cosmetics_and_Fashion,J,4,4,67578,67589,2.6359666666666666
b0e4a263fb67ca849ff20b8d451a9aa9,/content/drive/MyDrive/NeuroBioSense_Dataset/NeuroBioSense/Advertisement Categories/Cosmetics_and_Fashion/1/A10/SA/1.mp4,Cosmetics_and_Fashion,SA,5,4,63058,63070,3.036366666666667
e13ee8d8ff7bc80d94d79a6d0347a812,/content/drive/MyDrive/NeuroBioSense_Dataset/NeuroBioSense/Advertisement Categories/Cosmetics_and_Fashion/1/A04/A/1.mp4,Cosmetics_and_Fashion,A,1,0,126390,126403,3.2365666666666666
f902f36230c3015f637874da1dfad588,/content/drive/MyDrive/NeuroBioSense_Dataset/NeuroBioSense/Advertisement Categories/Cosmetics_and_Fashion/1/A04/J/1.mp4,Cosmetics_and_Fashion,J,4,6,7508,7523,3.8705333333333334
1cbcaf03661dfac57318db95ef65dbc6,/content/drive/MyDrive/NeuroBioSense_Dataset/NeuroBioSense/Advertisement Categories/Cosmetics_and_Fashion/1/A11/A/1.mp4,Cosmetics_and_Fashion,A,1,4,81908,81917,2.2689333333333335
8ff07cd9e2725f890882d0f2f3c54cfe,/content/drive/MyDrive/NeuroBioSense_Dataset/NeuroBioSense/Advertisement Categories/Cosmetics_and_Fashion/1/A06/A/1.mp4,Cosmetics_and_Fashion,A,1,4,13096,13106,2.5692333333333335
ab7b6de50e33f4f1c9b39400031fe62d,/content/drive/MyDrive/NeuroBioSense_Dataset/NeuroBioSense/Advertisement Categories/Cosmetics_and_Fashion/1/A01/J/1.mp4,Cosmetics_and_Fashion,J,4,6,43157,43166,2.168833333333333
8c618be8aaa7b290a82f2560272e9976,/content/drive/MyDrive/NeuroBioSense_Dataset/NeuroBioSense/Advertisement Categories/Cosmetics_and_Fashion/1/A03/A/1.mp4,Cosmetics_and_Fashion,A,1,4,60313,60317,1.0343666666666667
37528e3ad73508fc224fafbf566ed44c,/content/drive/MyDrive/NeuroBioSense_Dataset/NeuroBioSense/Advertisement Categories/Cosmetics_and_Fashion/1/A03/J/1.mp4,Cosmetics_and_Fashion,J,4,4,38908,38918,2.4024
0310cf43454a2aa0af6dfc35b97a9dc8,/content/drive/MyDrive/NeuroBioSense_Dataset/NeuroBioSense/Advertisement Categories/Cosmetics_and_Fashion/1/A05/D/1.mp4,Cosmetics_and_Fashion,D,2,6,99242,99249,1.6349666666666667
c6894a2891988fe332195bd3f18571aa,/content/drive/MyDrive/NeuroBioSense_Dataset/NeuroBioSense/Advertisement Categories/Cosmetics_and_Fashion/1/A02/A/1.mp4,Cosmetics_and_Fashion,A,1,4,141764,141774,2.435766666666667
e313c2324888e34350cff499afb6c935,/content/drive/MyDrive/NeuroBioSense_Dataset/NeuroBioSense/Advertisement Categories/Cosmetics_and_Fashion/1/A02/A/2.mp4,Cosmetics_and_Fashion,A,1,4,136019,136027,2.0687333333333333
377a7952d4e4300a64a46b1f80d7265b,/content/drive/MyDrive/NeuroBioSense_Dataset/NeuroBioSense/Advertisement Categories/Cosmetics_and_Fashion/11/A12/SA/1.mp4,Cosmetics_and_Fashion,SA,5,6,52470,52477,1.7350666666666668
36348d44b84e791ca366e686c714ad88,/content/drive/MyDrive/NeuroBioSense_Dataset/NeuroBioSense/Advertisement Categories/Cosmetics_and_Fashion/11/A08/A/2.mp4,Cosmetics_and_Fashion,A,1,6,113590,113601,2.6359666666666666
c891bbd7a6baa91d533e04b0b0424f47,/content/drive/MyDrive/NeuroBioSense_Dataset/NeuroBioSense/Advertisement Categories/Cosmetics_and_Fashion/11/A08/D/2.mp4,Cosmetics_and_Fashion,D,2,1,28681,28690,2.2355666666666667
48ee9933cf2f7e25d1ec8c09190129db,/content/drive/MyDrive/NeuroBioSense_Dataset/NeuroBioSense/Advertisement Categories/Cosmetics_and_Fashion/11/A08/D/1.mp4,Cosmetics_and_Fashion,D,2,5,139164,139175,2.8028
bde865423f9c59fb5881f3fddbbc6232,/content/drive/MyDrive/NeuroBioSense_Dataset/NeuroBioSense/Advertisement Categories/Cosmetics_and_Fashion/11/A14/J/1.mp4,Cosmetics_and_Fashion,J,4,6,85298,85305,1.8018
fd9b028279de07bfa8d90f0033d6f275,/content/drive/MyDrive/NeuroBioSense_Dataset/NeuroBioSense/Advertisement Categories/Cosmetics_and_Fashion/11/A14/A/1.mp4,Cosmetics_and_Fashion,A,1,4,124936,124942,1.6016000000000001
bd029bd4f3c74b9234bdf2cec600fdd4,/content/drive/MyDrive/NeuroBioSense_Dataset/NeuroBioSense/Advertisement Categories/Cosmetics_and_Fashion/11/A15/D/1.mp4,Cosmetics_and_Fashion,D,2,3,66491,66501,2.6026000000000002
4a00dd459b4e0690412406eb99b7302b,/content/drive/MyDrive/NeuroBioSense_Dataset/NeuroBioSense/Advertisement Categories/Cosmetics_and_Fashion/11/A13/D/1.mp4,Cosmetics_and_Fashion,D,2,6,54428,54436,2.1021
36a9d17d94097acf0d427892ed897165,/content/drive/MyDrive/NeuroBioSense_Dataset/NeuroBioSense/Advertisement Categories/Cosmetics_and_Fashion/11/A13/J/2.mp4,Cosmetics_and_Fashion,J,4,6,113085,113093,1.9352666666666667
910eb97a5c6930fa372af5e6afc0b5d1,/content/drive/MyDrive/NeuroBioSense_Dataset/NeuroBioSense/Advertisement Categories/Cosmetics_and_Fashion/11/A13/J/1.mp4,Cosmetics_and_Fashion,J,4,1,125585,125595,2.5025
c8cecc3ac87dfb68e8c2d85bc387439f,/content/drive/MyDrive/NeuroBioSense_Dataset/NeuroBioSense/Advertisement Categories/Cosmetics_and_Fashion/11/A07/A/1.mp4,Cosmetics_and_Fashion,A,1,2,32176,32183,1.8351666666666666
bdc241c782747c5271efd957a749ab10,/content/drive/MyDrive/NeuroBioSense_Dataset/NeuroBioSense/Advertisement Categories/Cosmetics_and_Fashion/11/A11/A/1.mp4,Cosmetics_and_Fashion,A,1,4,133668,133677,2.2355666666666667
8eecae1339010f9921bfde7b9f74259b,/content/drive/MyDrive/NeuroBioSense_Dataset/NeuroBioSense/Advertisement Categories/Cosmetics_and_Fashion/11/A06/N/1.mp4,Cosmetics_and_Fashion,N,0,4,38163,38170,1.7684333333333333
bb18dc7d076ea549ee056057aea7259e,/content/drive/MyDrive/NeuroBioSense_Dataset/NeuroBioSense/Advertisement Categories/Cosmetics_and_Fashion/11/A09/D/1.mp4,Cosmetics_and_Fashion,D,2,6,101475,101482,1.7684333333333333
b84988793484aac41057f642b3960eee,/content/drive/MyDrive/NeuroBioSense_Dataset/NeuroBioSense/Advertisement Categories/Cosmetics_and_Fashion/11/A04/SA/1.mp4,Cosmetics_and_Fashion,SA,5,0,126777,126785,2.0687333333333333
228b00c5172a018fb5fe7e3b70e2197f,/content/drive/MyDrive/NeuroBioSense_Dataset/NeuroBioSense/Advertisement Categories/Cosmetics_and_Fashion/11/A01/A/1.mp4,Cosmetics_and_Fashion,A,1,0,34271,34278,1.8685333333333334
930d555ae1b35ec53cd543c76ba06bc2,/content/drive/MyDrive/NeuroBioSense_Dataset/NeuroBioSense/Advertisement Categories/Cosmetics_and_Fashion/11/A03/A/1.mp4,Cosmetics_and_Fashion,A,1,6,6561,6571,2.469133333333333
1895332a0f9f690ea002585dab7b768f,/content/drive/MyDrive/NeuroBioSense_Dataset/NeuroBioSense/Advertisement Categories/Cosmetics_and_Fashion/11/A03/J/1.mp4,Cosmetics_and_Fashion,J,4,6,22919,22927,1.9019
17b6b13ef220ef07a18555b0c7c9463d,/content/drive/MyDrive/NeuroBioSense_Dataset/NeuroBioSense/Advertisement Categories/Cosmetics_and_Fashion/11/A02/A/1.mp4,Cosmetics_and_Fashion,A,1,4,68529,68539,2.5358666666666667
4579471ea3045570a8ad1570fa802ee2,/content/drive/MyDrive/NeuroBioSense_Dataset/NeuroBioSense/Advertisement Categories/Cosmetics_and_Fashion/11/A02/J/4.mp4,Cosmetics_and_Fashion,J,4,6,97195,97202,1.8351666666666666
7619d040f65515dbd1db3f10857cc49c,/content/drive/MyDrive/NeuroBioSense_Dataset/NeuroBioSense/Advertisement Categories/Cosmetics_and_Fashion/11/A02/J/2.mp4,Cosmetics_and_Fashion,J,4,4,9507,9513,1.6016000000000001
0c9f1a2c5a0521734f48bb76b5051e31,/content/drive/MyDrive/NeuroBioSense_Dataset/NeuroBioSense/Advertisement Categories/Cosmetics_and_Fashion/11/A02/J/1.mp4,Cosmetics_and_Fashion,J,4,4,100763,100770,1.8351666666666666
897fbeb1d962635bdafa8445fde8dbae,/content/drive/MyDrive/NeuroBioSense_Dataset/NeuroBioSense/Advertisement Categories/Cosmetics_and_Fashion/11/A02/J/3.mp4,Cosmetics_and_Fashion,J,4,4,30361,30367,1.6016000000000001
4a52a1701765e4b8d0345868d42d71a7,/content/drive/MyDrive/NeuroBioSense_Dataset/NeuroBioSense/Advertisement Categories/Cosmetics_and_Fashion/11/A05/SA/1.mp4,Cosmetics_and_Fashion,SA,5,6,113426,113435,2.2355666666666667
97d98944796729dcd4d62294a77e5837,/content/drive/MyDrive/NeuroBioSense_Dataset/NeuroBioSense/Advertisement Categories/Cosmetics_and_Fashion/11/A05/A/1.mp4,Cosmetics_and_Fashion,A,1,6,76951,76959,2.0353666666666665
05cf0556df9502c468c9d51b8d278a04,/content/drive/MyDrive/NeuroBioSense_Dataset/NeuroBioSense/Advertisement Categories/Cosmetics_and_Fashion/11/A10/A/1.mp4,Cosmetics_and_Fashion,A,1,6,48742,48750,1.9019
01b5f4ac573028da8b8970d69daf6660,/content/drive/MyDrive/NeuroBioSense_Dataset/NeuroBioSense/Advertisement Categories/Cosmetics_and_Fashion/11/A10/A/2.mp4,Cosmetics_and_Fashion,A,1,1,115934,115941,1.6349666666666667
0251bc82e094452e28111948ea72e400,/content/drive/MyDrive/NeuroBioSense_Dataset/NeuroBioSense/Advertisement Categories/Cosmetics_and_Fashion/8/A14/J/1.mp4,Cosmetics_and_Fashion,J,4,6,114893,114902,2.3356666666666666
7b8f06611a550d654abf283e5edfd334,/content/drive/MyDrive/NeuroBioSense_Dataset/NeuroBioSense/Advertisement Categories/Cosmetics_and_Fashion/8/A14/A/1.mp4,Cosmetics_and_Fashion,A,1,2,134428,134434,1.5015
db30c11167deeda6258b46eb55d157f5,/content/drive/MyDrive/NeuroBioSense_Dataset/NeuroBioSense/Advertisement Categories/Cosmetics_and_Fashion/8/A12/J/1.mp4,Cosmetics_and_Fashion,J,4,4,81681,81689,1.9352666666666667
85d7dc5d8c710e52843daa841c9014cb,/content/drive/MyDrive/NeuroBioSense_Dataset/NeuroBioSense/Advertisement Categories/Cosmetics_and_Fashion/8/A15/SU/1.mp4,Cosmetics_and_Fashion,SU,6,4,44214,44224,2.5692333333333335
97fa38b1903db38279645e6534864ebf,/content/drive/MyDrive/NeuroBioSense_Dataset/NeuroBioSense/Advertisement Categories/Cosmetics_and_Fashion/8/A15/A/1.mp4,Cosmetics_and_Fashion,A,1,4,135286,135301,3.8371666666666666
7a970ea873fe66ec570bd81679078929,/content/drive/MyDrive/NeuroBioSense_Dataset/NeuroBioSense/Advertisement Categories/Cosmetics_and_Fashion/8/A07/A/1.mp4,Cosmetics_and_Fashion,A,1,4,91512,91521,2.3023000000000002
6ad90210185fb8a74ffb3e2bf621ce1a,/content/drive/MyDrive/NeuroBioSense_Dataset/NeuroBioSense/Advertisement Categories/Cosmetics_and_Fashion/8/A07/SA/1.mp4,Cosmetics_and_Fashion,SA,5,1,31323,31333,2.469133333333333
1ed3fe64ea81ff8db8131af1baa14987,/content/drive/MyDrive/NeuroBioSense_Dataset/NeuroBioSense/Advertisement Categories/Cosmetics_and_Fashion/8/A13/J/1.mp4,Cosmetics_and_Fashion,J,4,6,75728,75737,2.2022
02b059cdf12d4df182d2506d3a3ec041,/content/drive/MyDrive/NeuroBioSense_Dataset/NeuroBioSense/Advertisement Categories/Cosmetics_and_Fashion/8/A13/J/2.mp4,Cosmetics_and_Fashion,J,4,5,43781,43788,1.8685333333333334
21d046eabe2d8fb0cdf8a81ee7897f9e,/content/drive/MyDrive/NeuroBioSense_Dataset/NeuroBioSense/Advertisement Categories/Cosmetics_and_Fashion/8/A03/J/1.mp4,Cosmetics_and_Fashion,J,4,2,56736,56746,2.5025
253707fa1c2a766bf14034f675243c43,/content/drive/MyDrive/NeuroBioSense_Dataset/NeuroBioSense/Advertisement Categories/Cosmetics_and_Fashion/8/A03/A/2.mp4,Cosmetics_and_Fashion,A,1,2,26959,26964,1.3013000000000001
bd76f1050d96d39a73bfbddd9a9559d6,/content/drive/MyDrive/NeuroBioSense_Dataset/NeuroBioSense/Advertisement Categories/Cosmetics_and_Fashion/8/A03/A/1.mp4,Cosmetics_and_Fashion,A,1,3,103749,103761,2.9362666666666666
df71debbb3eb5c5f4bff15826b28598d,/content/drive/MyDrive/NeuroBioSense_Dataset/NeuroBioSense/Advertisement Categories/Cosmetics_and_Fashion/8/A08/A/1.mp4,Cosmetics_and_Fashion,A,1,6,83072,83085,3.2032000000000003
15fd1423ffd9fc55a8135e0188597379,/content/drive/MyDrive/NeuroBioSense_Dataset/NeuroBioSense/Advertisement Categories/Cosmetics_and_Fashion/8/A08/J/1.mp4,Cosmetics_and_Fashion,J,4,4,54150,54161,2.8695333333333335
2760a62d78e606725563aa559cdd1f2d,/content/drive/MyDrive/NeuroBioSense_Dataset/NeuroBioSense/Advertisement Categories/Cosmetics_and_Fashion/8/A08/SU/1.mp4,Cosmetics_and_Fashion,SU,6,4,126068,126077,2.3690333333333333
3d1ad8271c63d94e65c2cabe585ecda8,/content/drive/MyDrive/NeuroBioSense_Dataset/NeuroBioSense/Advertisement Categories/Cosmetics_and_Fashion/8/A09/A/2.mp4,Cosmetics_and_Fashion,A,1,4,36248,36261,3.1364666666666667
f52d3813c64bcb41b39dbb262d643d7a,/content/drive/MyDrive/NeuroBioSense_Dataset/NeuroBioSense/Advertisement Categories/Cosmetics_and_Fashion/8/A09/A/1.mp4,Cosmetics_and_Fashion,A,1,4,12252,12260,2.0020000000000002
76425df3cafc4442cce255c90c4b99e9,/content/drive/MyDrive/NeuroBioSense_Dataset/NeuroBioSense/Advertisement Categories/Cosmetics_and_Fashion/8/A09/J/1.mp4,Cosmetics_and_Fashion,J,4,3,58688,58697,2.168833333333333
972282163c8fc13cda0f862c5456285b,/content/drive/MyDrive/NeuroBioSense_Dataset/NeuroBioSense/Advertisement Categories/Cosmetics_and_Fashion/8/A01/J/2.mp4,Cosmetics_and_Fashion,J,4,4,92824,92834,2.6026000000000002
22a282c8a86523a355f50dca7c7ca70c,/content/drive/MyDrive/NeuroBioSense_Dataset/NeuroBioSense/Advertisement Categories/Cosmetics_and_Fashion/8/A01/J/1.mp4,Cosmetics_and_Fashion,J,4,5,43770,43780,2.6026000000000002
02d48ce7362357e61906ece5efc61717,/content/drive/MyDrive/NeuroBioSense_Dataset/NeuroBioSense/Advertisement Categories/Cosmetics_and_Fashion/8/A06/A/1.mp4,Cosmetics_and_Fashion,A,1,6,93499,93506,1.8685333333333334
25963cff1c764d3413439fd9fb0f369c,/content/drive/MyDrive/NeuroBioSense_Dataset/NeuroBioSense/Advertisement Categories/Cosmetics_and_Fashion/8/A06/J1/J1.mp4,Cosmetics_and_Fashion,J1,4,6,101170,101181,2.6359666666666666
e2b32d563f0e41ffa730e76006349e29,/content/drive/MyDrive/NeuroBioSense_Dataset/NeuroBioSense/Advertisement Categories/Cosmetics_and_Fashion/8/A04/A/3.mp4,Cosmetics_and_Fashion,A,1,6,68983,68996,3.2699333333333334
4bdff4b42eaab5479a0a5c71508f0845,/content/drive/MyDrive/NeuroBioSense_Dataset/NeuroBioSense/Advertisement Categories/Cosmetics_and_Fashion/8/A04/A/1.mp4,Cosmetics_and_Fashion,A,1,0,128864,128876,3.1031
323d9efa9755eaf8939acc2f5ff4a4a1,/content/drive/MyDrive/NeuroBioSense_Dataset/NeuroBioSense/Advertisement Categories/Cosmetics_and_Fashion/8/A04/A/2.mp4,Cosmetics_and_Fashion,A,1,1,145999,146013,3.4034
8d4f31abb6de4a6e4bc64fef265c06e1,/content/drive/MyDrive/NeuroBioSense_Dataset/NeuroBioSense/Advertisement Categories/Cosmetics_and_Fashion/8/A04/SURPRSIE/SUR1.mp4,Cosmetics_and_Fashion,SURPRSIE,6,6,32528,32542,3.4034
d510704f35126739711aac306a64fe6d,/content/drive/MyDrive/NeuroBioSense_Dataset/NeuroBioSense/Advertisement Categories/Cosmetics_and_Fashion/8/A04/SURPRSIE/SUR2.mp4,Cosmetics_and_Fashion,SURPRSIE,6,0,18212,18220,2.0353666666666665
18a90ce8e05b5c2bab5a7a53a604e005,/content/drive/MyDrive/NeuroBioSense_Dataset/NeuroBioSense/Advertisement Categories/Cosmetics_and_Fashion/8/A04/J/1.mp4,Cosmetics_and_Fashion,J,4,4,86642,86652,2.5692333333333335
07fc57186ac1181837a61ea28beb71e9,/content/drive/MyDrive/NeuroBioSense_Dataset/NeuroBioSense/Advertisement Categories/Cosmetics_and_Fashion/8/A11/J/1.mp4,Cosmetics_and_Fashion,J,4,6,90821,90830,2.168833333333333
c5372fe8bf549412365c8721d7ebc1a6,/content/drive/MyDrive/NeuroBioSense_Dataset/NeuroBioSense/Advertisement Categories/Cosmetics_and_Fashion/8/A11/SU/1.mp4,Cosmetics_and_Fashion,SU,6,2,10472,10480,2.0687333333333333
45fd06ed5096e0013eb3b1d5e094b097,/content/drive/MyDrive/NeuroBioSense_Dataset/NeuroBioSense/Advertisement Categories/Cosmetics_and_Fashion/8/A10/SA/1.mp4,Cosmetics_and_Fashion,SA,5,6,137912,137924,2.9029000000000003
8b4459c25e7e5b78c9da2008227216dd,/content/drive/MyDrive/NeuroBioSense_Dataset/NeuroBioSense/Advertisement Categories/Cosmetics_and_Fashion/8/A10/A/1.mp4,Cosmetics_and_Fashion,A,1,4,60216,60226,2.5358666666666667
435ecd8e8fcb8e0bc0759b2515b9b80b,/content/drive/MyDrive/NeuroBioSense_Dataset/NeuroBioSense/Advertisement Categories/Cosmetics_and_Fashion/8/A02/D/1.mp4,Cosmetics_and_Fashion,D,2,6,60625,60631,1.4347666666666667
8ae30d9604e31a4fa23e66e2919e41e2,/content/drive/MyDrive/NeuroBioSense_Dataset/NeuroBioSense/Advertisement Categories/Cosmetics_and_Fashion/8/A02/SA/1.mp4,Cosmetics_and_Fashion,SA,5,4,75255,75266,2.7027
52c3c6d1401904795a64c9decfce352f,/content/drive/MyDrive/NeuroBioSense_Dataset/NeuroBioSense/Advertisement Categories/Cosmetics_and_Fashion/8/A02/SU/1.mp4,Cosmetics_and_Fashion,SU,6,4,144681,144687,1.5015
4998d8725a219978bdd20ebea9104092,/content/drive/MyDrive/NeuroBioSense_Dataset/NeuroBioSense/Advertisement Categories/Cosmetics_and_Fashion/8/A02/SU/2.mp4,Cosmetics_and_Fashion,SU,6,5,30861,30866,1.1344666666666667
1da00be5294880e9794512f0980b36ba,/content/drive/MyDrive/NeuroBioSense_Dataset/NeuroBioSense/Advertisement Categories/Cosmetics_and_Fashion/8/A02/J/1.mp4,Cosmetics_and_Fashion,J,4,4,126950,126964,3.4701333333333335
332d873fbe56bff4e549a273f640d7e2,/content/drive/MyDrive/NeuroBioSense_Dataset/NeuroBioSense/Advertisement Categories/Cosmetics_and_Fashion/8/A02/J/2.mp4,Cosmetics_and_Fashion,J,4,5,115880,115889,2.3023000000000002
091f36c6107697676b46191541997623,/content/drive/MyDrive/NeuroBioSense_Dataset/NeuroBioSense/Advertisement Categories/Cosmetics_and_Fashion/8/A02/A/2.mp4,Cosmetics_and_Fashion,A,1,4,69620,69627,1.7350666666666668
c7b9721755af4dda0f1f763fa65f0780,/content/drive/MyDrive/NeuroBioSense_Dataset/NeuroBioSense/Advertisement Categories/Cosmetics_and_Fashion/8/A02/A/1.mp4,Cosmetics_and_Fashion,A,1,0,12902,12910,1.9019
0ecafc98f8ef9ea3f29460d2fc382f8f,/content/drive/MyDrive/NeuroBioSense_Dataset/NeuroBioSense/Advertisement Categories/Cosmetics_and_Fashion/8/A05/J/1.mp4,Cosmetics_and_Fashion,J,4,6,105228,105239,2.8361666666666667
2893ca645c4f0b7e459b04361b40eec8,/content/drive/MyDrive/NeuroBioSense_Dataset/NeuroBioSense/Advertisement Categories/Cosmetics_and_Fashion/8/A05/J/2.mp4,Cosmetics_and_Fashion,J,4,3,69390,69400,2.435766666666667
b3c82a4fb9a8ff8ade20289aa05cb6a4,/content/drive/MyDrive/NeuroBioSense_Dataset/NeuroBioSense/Advertisement Categories/Cosmetics_and_Fashion/17/A12/J/1.mp4,Cosmetics_and_Fashion,J,4,6,97249,97255,1.4347666666666667
a88b49d11f0f97e05dec4fac90ef418d,/content/drive/MyDrive/NeuroBioSense_Dataset/NeuroBioSense/Advertisement Categories/Cosmetics_and_Fashion/17/A12/F/1.mp4,Cosmetics_and_Fashion,F,3,4,83643,83650,1.8351666666666666
ad814dea5b5e528fe1978878dd1fdd68,/content/drive/MyDrive/NeuroBioSense_Dataset/NeuroBioSense/Advertisement Categories/Cosmetics_and_Fashion/17/A12/SU/1.mp4,Cosmetics_and_Fashion,SU,6,6,112511,112520,2.2355666666666667
8fdfcc346530c3962b71d46ebbc83b9f,/content/drive/MyDrive/NeuroBioSense_Dataset/NeuroBioSense/Advertisement Categories/Cosmetics_and_Fashion/17/A15/J/2.mp4,Cosmetics_and_Fashion,J,4,4,61197,61205,1.9019
ef193a1f3972b59d4a5ccf41fb8619e7,/content/drive/MyDrive/NeuroBioSense_Dataset/NeuroBioSense/Advertisement Categories/Cosmetics_and_Fashion/17/A15/J/1.mp4,Cosmetics_and_Fashion,J,4,3,103151,103160,2.3356666666666666
04d6e06fc9fc780673cbbc3cac3e5fbd,/content/drive/MyDrive/NeuroBioSense_Dataset/NeuroBioSense/Advertisement Categories/Cosmetics_and_Fashion/17/A15/SU/1.mp4,Cosmetics_and_Fashion,SU,6,3,75639,75648,2.2355666666666667
8f932cfa75b816310bbc5120b194a082,/content/drive/MyDrive/NeuroBioSense_Dataset/NeuroBioSense/Advertisement Categories/Cosmetics_and_Fashion/17/A09/SU/1.mp4,Cosmetics_and_Fashion,SU,6,4,38016,38027,2.8361666666666667
debb753f29f7f28d0e0a3e55dbbb051d,/content/drive/MyDrive/NeuroBioSense_Dataset/NeuroBioSense/Advertisement Categories/Cosmetics_and_Fashion/17/A09/SA/1.mp4,Cosmetics_and_Fashion,SA,5,4,3190,3200,2.6026000000000002
08cf2d5defdfd79b1069d6b69e57db4a,/content/drive/MyDrive/NeuroBioSense_Dataset/NeuroBioSense/Advertisement Categories/Cosmetics_and_Fashion/17/A09/SA/2.mp4,Cosmetics_and_Fashion,SA,5,4,87156,87169,3.3033
c73182c53acf7c745505534fa3f3b485,/content/drive/MyDrive/NeuroBioSense_Dataset/NeuroBioSense/Advertisement Categories/Cosmetics_and_Fashion/17/A09/A/1.mp4,Cosmetics_and_Fashion,A,1,4,19059,19068,2.3356666666666666
0a629162b6bee4e471d7f2d54de63f16,/content/drive/MyDrive/NeuroBioSense_Dataset/NeuroBioSense/Advertisement Categories/Cosmetics_and_Fashion/17/A13/J/1.mp4,Cosmetics_and_Fashion,J,4,4,139021,139029,1.9352666666666667
82f2c687e2c3bde530f252f1d8cd8975,/content/drive/MyDrive/NeuroBioSense_Dataset/NeuroBioSense/Advertisement Categories/Cosmetics_and_Fashion/17/A13/J/2.mp4,Cosmetics_and_Fashion,J,4,5,14888,14892,1.0343666666666667
66b1c6b0aa8fa7a94a228a3305e99447,/content/drive/MyDrive/NeuroBioSense_Dataset/NeuroBioSense/Advertisement Categories/Cosmetics_and_Fashion/17/A13/SU/1.mp4,Cosmetics_and_Fashion,SU,6,0,29630,29639,2.168833333333333
39c4171c48abc147abaf1cec5f6ba5ab,/content/drive/MyDrive/NeuroBioSense_Dataset/NeuroBioSense/Advertisement Categories/Cosmetics_and_Fashion/17/A07/SU/1.mp4,Cosmetics_and_Fashion,SU,6,4,130158,130166,2.1021
cc7e2abcb751cbd695d2209529437156,/content/drive/MyDrive/NeuroBioSense_Dataset/NeuroBioSense/Advertisement Categories/Cosmetics_and_Fashion/17/A07/SU/2.mp4,Cosmetics_and_Fashion,SU,6,6,118720,118728,2.0020000000000002
ba06a354a0e8ab60961620d029a91d0d,/content/drive/MyDrive/NeuroBioSense_Dataset/NeuroBioSense/Advertisement Categories/Cosmetics_and_Fashion/17/A14/SU/1.mp4,Cosmetics_and_Fashion,SU,6,6,87082,87092,2.5025
3d7abd05e51633b9de913ec8b3fc0c7c,/content/drive/MyDrive/NeuroBioSense_Dataset/NeuroBioSense/Advertisement Categories/Cosmetics_and_Fashion/17/A14/J/1.mp4,Cosmetics_and_Fashion,J,4,6,147058,147067,2.2022
68a23eed7653f163e3c1c4427b91c714,/content/drive/MyDrive/NeuroBioSense_Dataset/NeuroBioSense/Advertisement Categories/Cosmetics_and_Fashion/17/A03/D/1.mp4,Cosmetics_and_Fashion,D,2,4,38338,38353,3.7704333333333335
928e618d8f55b2527f413c454b6f3e39,/content/drive/MyDrive/NeuroBioSense_Dataset/NeuroBioSense/Advertisement Categories/Cosmetics_and_Fashion/17/A03/J/3.mp4,Cosmetics_and_Fashion,J,4,4,97446,97459,3.2365666666666666
fee40410e0a4c0d8056fefc6d265046b,/content/drive/MyDrive/NeuroBioSense_Dataset/NeuroBioSense/Advertisement Categories/Cosmetics_and_Fashion/17/A03/J/1.mp4,Cosmetics_and_Fashion,J,4,4,82988,82996,2.1021
c436d13746a4915512fc46cda84ffd16,/content/drive/MyDrive/NeuroBioSense_Dataset/NeuroBioSense/Advertisement Categories/Cosmetics_and_Fashion/17/A03/J/2.mp4,Cosmetics_and_Fashion,J,4,2,44760,44768,1.9019
4f58b8cccabd4ecbeb3b6075448d5576,/content/drive/MyDrive/NeuroBioSense_Dataset/NeuroBioSense/Advertisement Categories/Cosmetics_and_Fashion/17/A03/SU/2.mp4,Cosmetics_and_Fashion,SU,6,4,100563,100576,3.3033
0876c4acb899e563506f577b88de4c21,/content/drive/MyDrive/NeuroBioSense_Dataset/NeuroBioSense/Advertisement Categories/Cosmetics_and_Fashion/17/A03/SU/1.mp4,Cosmetics_and_Fashion,SU,6,0,143526,143535,2.3023000000000002
731bb923d8ab1b9c09d39b4fefa38e12,/content/drive/MyDrive/NeuroBioSense_Dataset/NeuroBioSense/Advertisement Categories/Cosmetics_and_Fashion/17/A10/A/1.mp4,Cosmetics_and_Fashion,A,1,6,60349,60357,1.9686333333333335
4b2e947cdff25234e79e7ae38202c9bb,/content/drive/MyDrive/NeuroBioSense_Dataset/NeuroBioSense/Advertisement Categories/Cosmetics_and_Fashion/17/A10/J/1.mp4,Cosmetics_and_Fashion,J,4,5,137545,137552,1.8018
1d9ee829306328f961738445d9dc8f17,/content/drive/MyDrive/NeuroBioSense_Dataset/NeuroBioSense/Advertisement Categories/Cosmetics_and_Fashion/17/A10/SA/3.mp4,Cosmetics_and_Fashion,SA,5,2,120278,120290,3.1031
278511b47eb6f12c5f47c8b1a9d4496e,/content/drive/MyDrive/NeuroBioSense_Dataset/NeuroBioSense/Advertisement Categories/Cosmetics_and_Fashion/17/A10/SA/2.mp4,Cosmetics_and_Fashion,SA,5,4,83777,83788,2.736066666666667
dcead706e65df00617913ff853607161,/content/drive/MyDrive/NeuroBioSense_Dataset/NeuroBioSense/Advertisement Categories/Cosmetics_and_Fashion/17/A10/SA/1..mp4,Cosmetics_and_Fashion,SA,5,6,88337,88348,2.8028
03f2ca677073c42a0d4a965890de1ea8,/content/drive/MyDrive/NeuroBioSense_Dataset/NeuroBioSense/Advertisement Categories/Cosmetics_and_Fashion/17/A10/SU/1.mp4,Cosmetics_and_Fashion,SU,6,2,135881,135893,2.9362666666666666
7090856beb11ea8be98b5fab57f88d94,/content/drive/MyDrive/NeuroBioSense_Dataset/NeuroBioSense/Advertisement Categories/Cosmetics_and_Fashion/17/A11/SU/1.mp4,Cosmetics_and_Fashion,SU,6,6,12399,12409,2.5358666666666667
2d4d4386d27a091ee35b82bda422c328,/content/drive/MyDrive/NeuroBioSense_Dataset/NeuroBioSense/Advertisement Categories/Cosmetics_and_Fashion/17/A11/J/2.mp4,Cosmetics_and_Fashion,J,4,4,37315,37326,2.8695333333333335
7155365bbaa04a432b6ae2e1094d82a0,/content/drive/MyDrive/NeuroBioSense_Dataset/NeuroBioSense/Advertisement Categories/Cosmetics_and_Fashion/17/A11/J/1.mp4,Cosmetics_and_Fashion,J,4,4,30401,30409,2.0020000000000002
154ea7f2e5769552f16ed39313fc99d6,/content/drive/MyDrive/NeuroBioSense_Dataset/NeuroBioSense/Advertisement Categories/Cosmetics_and_Fashion/17/A08/SU/2.mp4,Cosmetics_and_Fashion,SU,6,6,148016,148029,3.2032000000000003
481029f1effc354cad86d8d18e7a8fdd,/content/drive/MyDrive/NeuroBioSense_Dataset/NeuroBioSense/Advertisement Categories/Cosmetics_and_Fashion/17/A08/SU/1.mp4,Cosmetics_and_Fashion,SU,6,6,120687,120696,2.2689333333333335
a562611200ae8cb95fd12c0759961418,/content/drive/MyDrive/NeuroBioSense_Dataset/NeuroBioSense/Advertisement Categories/Cosmetics_and_Fashion/17/A08/J/3.mp4,Cosmetics_and_Fashion,J,4,2,141236,141250,3.4367666666666667
4825beba7c521e2e38ec063a01e7443d,/content/drive/MyDrive/NeuroBioSense_Dataset/NeuroBioSense/Advertisement Categories/Cosmetics_and_Fashion/17/A08/J/1.mp4,Cosmetics_and_Fashion,J,4,2,142850,142862,2.9362666666666666
4aae66918aaa43d2c987f1bd603ea89f,/content/drive/MyDrive/NeuroBioSense_Dataset/NeuroBioSense/Advertisement Categories/Cosmetics_and_Fashion/17/A08/J/2.mp4,Cosmetics_and_Fashion,J,4,6,61716,61725,2.3690333333333333
4eb9b063e19cfb1793cda8247b714732,/content/drive/MyDrive/NeuroBioSense_Dataset/NeuroBioSense/Advertisement Categories/Cosmetics_and_Fashion/17/A04/A/1.mp4,Cosmetics_and_Fashion,A,1,4,121802,121811,2.3356666666666666
151265d1ba842919956e02f6186b2d10,/content/drive/MyDrive/NeuroBioSense_Dataset/NeuroBioSense/Advertisement Categories/Cosmetics_and_Fashion/17/A04/J/1.mp4,Cosmetics_and_Fashion,J,4,4,29356,29365,2.2689333333333335
57639e4191c3102249c4e464eda4b574,/content/drive/MyDrive/NeuroBioSense_Dataset/NeuroBioSense/Advertisement Categories/Cosmetics_and_Fashion/17/A04/SU/1.mp4,Cosmetics_and_Fashion,SU,6,4,59076,59086,2.5692333333333335
4921e9220a120c632870bfd75b2a16da,/content/drive/MyDrive/NeuroBioSense_Dataset/NeuroBioSense/Advertisement Categories/Cosmetics_and_Fashion/17/A01/SU/1.mp4,Cosmetics_and_Fashion,SU,6,4,98562,98572,2.5692333333333335
a795f049be481462bb3cefb0d981ca4c,/content/drive/MyDrive/NeuroBioSense_Dataset/NeuroBioSense/Advertisement Categories/Cosmetics_and_Fashion/17/A01/SU/2.mp4,Cosmetics_and_Fashion,SU,6,4,117305,117318,3.2365666666666666
e0a758c2f0790036b2bfe22a858ad1bc,/content/drive/MyDrive/NeuroBioSense_Dataset/NeuroBioSense/Advertisement Categories/Cosmetics_and_Fashion/17/A01/SA/1.mp4,Cosmetics_and_Fashion,SA,5,4,140756,140766,2.469133333333333
12a2e6d52804597a615eef5cd39e6f25,/content/drive/MyDrive/NeuroBioSense_Dataset/NeuroBioSense/Advertisement Categories/Cosmetics_and_Fashion/17/A06/SU/1.mp4,Cosmetics_and_Fashion,SU,6,1,50856,50867,2.6693333333333333
c666f09c1c55e99108bd5b5efc910ffd,/content/drive/MyDrive/NeuroBioSense_Dataset/NeuroBioSense/Advertisement Categories/Cosmetics_and_Fashion/17/A06/SA/1.mp4,Cosmetics_and_Fashion,SA,5,4,4265,4274,2.3023000000000002
71b37b45747877b276b2b8f9def76908,/content/drive/MyDrive/NeuroBioSense_Dataset/NeuroBioSense/Advertisement Categories/Cosmetics_and_Fashion/17/A05/SU/1.mp4,Cosmetics_and_Fashion,SU,6,6,68367,68379,2.9029000000000003
846735418afeafd56c19a21530a3e34a,/content/drive/MyDrive/NeuroBioSense_Dataset/NeuroBioSense/Advertisement Categories/Cosmetics_and_Fashion/17/A02/SU/1.mp4,Cosmetics_and_Fashion,SU,6,2,34550,34557,1.7684333333333333
5fdc39543ac949e9769802b3fd2b7965,/content/drive/MyDrive/NeuroBioSense_Dataset/NeuroBioSense/Advertisement Categories/Cosmetics_and_Fashion/17/A02/J/1.mp4,Cosmetics_and_Fashion,J,4,6,59157,59167,2.5025
d90fa9272b06da91439cc89f697f1f14,/content/drive/MyDrive/NeuroBioSense_Dataset/NeuroBioSense/Advertisement Categories/Cosmetics_and_Fashion/17/A02/J/2.mp4,Cosmetics_and_Fashion,J,4,2,128122,128132,2.5025
6095747fca61aad32104600bd4ef5123,/content/drive/MyDrive/NeuroBioSense_Dataset/NeuroBioSense/Advertisement Categories/Cosmetics_and_Fashion/16/A01/J/1.mp4,Cosmetics_and_Fashion,J,4,4,87541,87548,1.6683333333333334
adf8aa33fdd6d05a6a331a618d1273d0,/content/drive/MyDrive/NeuroBioSense_Dataset/NeuroBioSense/Advertisement Categories/Cosmetics_and_Fashion/16/A01/J/2.mp4,Cosmetics_and_Fashion,J,4,6,4019,4028,2.2355666666666667
d59f02475a82b75a11c55802994d4d61,/content/drive/MyDrive/NeuroBioSense_Dataset/NeuroBioSense/Advertisement Categories/Cosmetics_and_Fashion/16/A01/SU/1.mp4,Cosmetics_and_Fashion,SU,6,6,11665,11673,1.9686333333333335
80ae8c78822749823cb0d3f6ddbd7f52,/content/drive/MyDrive/NeuroBioSense_Dataset/NeuroBioSense/Advertisement Categories/Cosmetics_and_Fashion/16/A06/J/1.mp4,Cosmetics_and_Fashion,J,4,5,2146,2157,2.8695333333333335
1bda1b120d29023cea765ed3956a1674,/content/drive/MyDrive/NeuroBioSense_Dataset/NeuroBioSense/Advertisement Categories/Cosmetics_and_Fashion/16/A15/N/1.mp4,Cosmetics_and_Fashion,N,0,3,83304,83312,2.0353666666666665
6c1b889dba579de71a86c78c38b70c28,/content/drive/MyDrive/NeuroBioSense_Dataset/NeuroBioSense/Advertisement Categories/Cosmetics_and_Fashion/16/A07/SU/1.mp4,Cosmetics_and_Fashion,SU,6,3,86913,86921,2.0020000000000002
907c5ecb954fd56c168435cfaa209c5b,/content/drive/MyDrive/NeuroBioSense_Dataset/NeuroBioSense/Advertisement Categories/Cosmetics_and_Fashion/16/A07/SU/2.mp4,Cosmetics_and_Fashion,SU,6,6,9135,9142,1.8018
d8c32345eb45f057bb074ef820edeaeb,/content/drive/MyDrive/NeuroBioSense_Dataset/NeuroBioSense/Advertisement Categories/Cosmetics_and_Fashion/16/A13/J/1.mp4,Cosmetics_and_Fashion,J,4,6,96786,96793,1.7684333333333333
d7f888532e66949cf1fc5f1362a22f76,/content/drive/MyDrive/NeuroBioSense_Dataset/NeuroBioSense/Advertisement Categories/Cosmetics_and_Fashion/16/A13/J/2.mp4,Cosmetics_and_Fashion,J,4,4,19102,19109,1.8018
d191309cc0ea5d451fce737af7c55c7a,/content/drive/MyDrive/NeuroBioSense_Dataset/NeuroBioSense/Advertisement Categories/Cosmetics_and_Fashion/16/A08/J/1.mp4,Cosmetics_and_Fashion,J,4,2,23228,23237,2.3023000000000002
733959d44e597fb6e5f7155b959ba98a,/content/drive/MyDrive/NeuroBioSense_Dataset/NeuroBioSense/Advertisement Categories/Cosmetics_and_Fashion/16/A08/J/2.mp4,Cosmetics_and_Fashion,J,4,4,69669,69678,2.135466666666667
eb1878f587a8d119076b698ef45dc72a,/content/drive/MyDrive/NeuroBioSense_Dataset/NeuroBioSense/Advertisement Categories/Cosmetics_and_Fashion/16/A10/N/1.mp4,Cosmetics_and_Fashion,N,0,4,84740,84745,1.3346666666666667
ef00cc455fc91536f60df7936044c3a3,/content/drive/MyDrive/NeuroBioSense_Dataset/NeuroBioSense/Advertisement Categories/Cosmetics_and_Fashion/16/A14/J/1.mp4,Cosmetics_and_Fashion,J,4,4,26285,26295,2.5692333333333335
283ed863bd75d457a859abcfd941c33e,/content/drive/MyDrive/NeuroBioSense_Dataset/NeuroBioSense/Advertisement Categories/Cosmetics_and_Fashion/16/A12/N/1.mp4,Cosmetics_and_Fashion,N,0,4,90377,90382,1.3013000000000001
59be67c591de13a6fc67d18e5a468398,/content/drive/MyDrive/NeuroBioSense_Dataset/NeuroBioSense/Advertisement Categories/Cosmetics_and_Fashion/16/A04/SU/1.mp4,Cosmetics_and_Fashion,SU,6,3,63663,63672,2.135466666666667
6b119def8038d5d5dcf3257162f574c5,/content/drive/MyDrive/NeuroBioSense_Dataset/NeuroBioSense/Advertisement Categories/Cosmetics_and_Fashion/16/A04/J/1.mp4,Cosmetics_and_Fashion,J,4,4,96742,96749,1.8018
b3570ffc31fe8b09bfc0be810d5b77da,/content/drive/MyDrive/NeuroBioSense_Dataset/NeuroBioSense/Advertisement Categories/Cosmetics_and_Fashion/16/A09/SU/1.mp4,Cosmetics_and_Fashion,SU,6,6,36869,36880,2.769433333333333
0fc66798034acce851aa505a58d4bb8f,/content/drive/MyDrive/NeuroBioSense_Dataset/NeuroBioSense/Advertisement Categories/Cosmetics_and_Fashion/16/A09/J/1.mp4,Cosmetics_and_Fashion,J,4,3,63658,63668,2.4024
02c2a89ce13c7325baa6b6a348b38484,/content/drive/MyDrive/NeuroBioSense_Dataset/NeuroBioSense/Advertisement Categories/Cosmetics_and_Fashion/16/A09/SA/1.mp4,Cosmetics_and_Fashion,SA,5,5,17895,17904,2.2689333333333335
50758e94e9f6b2433e03a85622c3ec3d,/content/drive/MyDrive/NeuroBioSense_Dataset/NeuroBioSense/Advertisement Categories/Cosmetics_and_Fashion/16/A11/J/1.mp4,Cosmetics_and_Fashion,J,4,2,121007,121014,1.8685333333333334
fc38d3a8bef882a34066d2bd9fbc0418,/content/drive/MyDrive/NeuroBioSense_Dataset/NeuroBioSense/Advertisement Categories/Cosmetics_and_Fashion/16/A05/SU/1.mp4,Cosmetics_and_Fashion,SU,6,0,13320,13329,2.168833333333333
805f12d9b3a7bbc459ba11976dcc7098,/content/drive/MyDrive/NeuroBioSense_Dataset/NeuroBioSense/Advertisement Categories/Cosmetics_and_Fashion/16/A02/SU/1.mp4,Cosmetics_and_Fashion,SU,6,4,92232,92241,2.3356666666666666
5a86fcb542dd0fc41140a7fabccaaeb6,/content/drive/MyDrive/NeuroBioSense_Dataset/NeuroBioSense/Advertisement Categories/Cosmetics_and_Fashion/16/A02/J/1.mp4,Cosmetics_and_Fashion,J,4,6,103941,103951,2.435766666666667
64b6595321a410b0fded4dcc12ce8ae5,/content/drive/MyDrive/NeuroBioSense_Dataset/NeuroBioSense/Advertisement Categories/Cosmetics_and_Fashion/16/A02/A/1.mp4,Cosmetics_and_Fashion,A,1,4,49062,49071,2.168833333333333
a1be572a15e53b7f78b32a72206601cd,/content/drive/MyDrive/NeuroBioSense_Dataset/NeuroBioSense/Advertisement Categories/Cosmetics_and_Fashion/16/A03/SU/1.mp4,Cosmetics_and_Fashion,SU,6,3,51448,51455,1.8018
d42e2e2f3445c6f012bef51265008f3d,/content/drive/MyDrive/NeuroBioSense_Dataset/NeuroBioSense/Advertisement Categories/Cosmetics_and_Fashion/16/A03/J/1.mp4,Cosmetics_and_Fashion,J,4,4,78791,78800,2.168833333333333
db3fdb0c63b6180abf73503ccc967aeb,/content/drive/MyDrive/NeuroBioSense_Dataset/NeuroBioSense/Advertisement Categories/Cosmetics_and_Fashion/9/A07/D/1.mp4,Cosmetics_and_Fashion,D,2,4,21793,21805,3.003
067ade6a9f42ca6cffbdc1e3e634e281,/content/drive/MyDrive/NeuroBioSense_Dataset/NeuroBioSense/Advertisement Categories/Cosmetics_and_Fashion/9/A07/D/2.mp4,Cosmetics_and_Fashion,D,2,6,60590,60597,1.7017
f7cb5ac9c1347dca379da174804fda90,/content/drive/MyDrive/NeuroBioSense_Dataset/NeuroBioSense/Advertisement Categories/Cosmetics_and_Fashion/9/A15/D/1.mp4,Cosmetics_and_Fashion,D,2,4,148191,148197,1.5682333333333334
b11a4ac38760d2849d379bde5bd4262b,/content/drive/MyDrive/NeuroBioSense_Dataset/NeuroBioSense/Advertisement Categories/Cosmetics_and_Fashion/9/A15/D/2.mp4,Cosmetics_and_Fashion,D,2,4,36316,36326,2.5692333333333335
139682efc152a75f8687c0bdd57e5e2c,/content/drive/MyDrive/NeuroBioSense_Dataset/NeuroBioSense/Advertisement Categories/Cosmetics_and_Fashion/9/A15/J/1.mp4,Cosmetics_and_Fashion,J,4,6,49156,49165,2.3690333333333333
ed516b3453aa9212419f66f4be4d2e87,/content/drive/MyDrive/NeuroBioSense_Dataset/NeuroBioSense/Advertisement Categories/Cosmetics_and_Fashion/9/A15/J/2.mp4,Cosmetics_and_Fashion,J,4,0,140012,140022,2.5025
46d3f2bf9a15f7c181e0ced9ef1425a8,/content/drive/MyDrive/NeuroBioSense_Dataset/NeuroBioSense/Advertisement Categories/Cosmetics_and_Fashion/9/A14/D/1.mp4,Cosmetics_and_Fashion,D,2,6,143064,143072,2.1021
cb595212c4898ed449e1a5874bbb2e28,/content/drive/MyDrive/NeuroBioSense_Dataset/NeuroBioSense/Advertisement Categories/Cosmetics_and_Fashion/9/A14/J/1.mp4,Cosmetics_and_Fashion,J,4,2,135055,135066,2.8028
d29f8e5c589017bc3a575159d1cd15c8,/content/drive/MyDrive/NeuroBioSense_Dataset/NeuroBioSense/Advertisement Categories/Cosmetics_and_Fashion/9/A13/D/1.mp4,Cosmetics_and_Fashion,D,2,4,42905,42916,2.8028
3dba49fce2ad5411d903e3f43343bd26,/content/drive/MyDrive/NeuroBioSense_Dataset/NeuroBioSense/Advertisement Categories/Cosmetics_and_Fashion/9/A12/J/3.mp4,Cosmetics_and_Fashion,J,4,0,13622,13630,2.0353666666666665
a5f363533484bb7a78f618dcad563999,/content/drive/MyDrive/NeuroBioSense_Dataset/NeuroBioSense/Advertisement Categories/Cosmetics_and_Fashion/9/A12/J/2.mp4,Cosmetics_and_Fashion,J,4,3,60904,60913,2.2355666666666667
e8766a92d1994eb4b97ce146bebc1632,/content/drive/MyDrive/NeuroBioSense_Dataset/NeuroBioSense/Advertisement Categories/Cosmetics_and_Fashion/9/A12/J/4.mp4,Cosmetics_and_Fashion,J,4,4,14768,14777,2.135466666666667
b71a8ec66a5c9e1ed2104125f4bdb714,/content/drive/MyDrive/NeuroBioSense_Dataset/NeuroBioSense/Advertisement Categories/Cosmetics_and_Fashion/9/A12/J/1.mp4,Cosmetics_and_Fashion,J,4,5,2053,2064,2.8361666666666667
c64b76e3ddfbec09af841177fe59904e,/content/drive/MyDrive/NeuroBioSense_Dataset/NeuroBioSense/Advertisement Categories/Cosmetics_and_Fashion/9/A01/J/1.mp4,Cosmetics_and_Fashion,J,4,4,146494,146503,2.2022
5aeb3c4f8d0046ba09c94b5ff203cf74,/content/drive/MyDrive/NeuroBioSense_Dataset/NeuroBioSense/Advertisement Categories/Cosmetics_and_Fashion/9/A01/A/1.mp4,Cosmetics_and_Fashion,A,1,4,116145,116155,2.6026000000000002
de600bf024cf7dc4f86f3408661259bf,/content/drive/MyDrive/NeuroBioSense_Dataset/NeuroBioSense/Advertisement Categories/Cosmetics_and_Fashion/9/A09/D/1.mp4,Cosmetics_and_Fashion,D,2,4,35555,35566,2.736066666666667
96ce4582fb45d893219f4a002e6827a3,/content/drive/MyDrive/NeuroBioSense_Dataset/NeuroBioSense/Advertisement Categories/Cosmetics_and_Fashion/9/A03/J/1.mp4,Cosmetics_and_Fashion,J,4,3,100992,101005,3.2365666666666666
50bf4be1d7f44dd8dc05138cdd053af1,/content/drive/MyDrive/NeuroBioSense_Dataset/NeuroBioSense/Advertisement Categories/Cosmetics_and_Fashion/9/A03/A/1.mp4,Cosmetics_and_Fashion,A,1,4,16660,16671,2.8695333333333335
0f8a71a57fb19c8e3a5202bc6cc1bf86,/content/drive/MyDrive/NeuroBioSense_Dataset/NeuroBioSense/Advertisement Categories/Cosmetics_and_Fashion/9/A06/SA/1.mp4,Cosmetics_and_Fashion,SA,5,5,16887,16897,2.435766666666667
c7d73d407ae39fa5a7e2f277455642c8,/content/drive/MyDrive/NeuroBioSense_Dataset/NeuroBioSense/Advertisement Categories/Cosmetics_and_Fashion/9/A11/D/1.mp4,Cosmetics_and_Fashion,D,2,0,125055,125065,2.5692333333333335
06033f31ff6749b08ede8297e6190dfa,/content/drive/MyDrive/NeuroBioSense_Dataset/NeuroBioSense/Advertisement Categories/Cosmetics_and_Fashion/9/A11/J/1.mp4,Cosmetics_and_Fashion,J,4,4,45954,45964,2.5692333333333335
0fd1223286c7519c590cde6fd132945f,/content/drive/MyDrive/NeuroBioSense_Dataset/NeuroBioSense/Advertisement Categories/Cosmetics_and_Fashion/9/A05/A/1.mp4,Cosmetics_and_Fashion,A,1,4,92875,92888,3.370033333333333
4c3e09e80be811bb0783e50fe3237af6,/content/drive/MyDrive/NeuroBioSense_Dataset/NeuroBioSense/Advertisement Categories/Cosmetics_and_Fashion/9/A05/D/1.mp4,Cosmetics_and_Fashion,D,2,6,71150,71155,1.2679333333333334
28465354f3bb1005ac6254e9fc94bada,/content/drive/MyDrive/NeuroBioSense_Dataset/NeuroBioSense/Advertisement Categories/Cosmetics_and_Fashion/9/A08/D/1.mp4,Cosmetics_and_Fashion,D,2,0,18060,18071,2.7027
f6a1d2f48ee60f40d34393f3190328ef,/content/drive/MyDrive/NeuroBioSense_Dataset/NeuroBioSense/Advertisement Categories/Cosmetics_and_Fashion/9/A08/J/1.mp4,Cosmetics_and_Fashion,J,4,5,15239,15254,3.8371666666666666
dd3fc7acb19597361bba4ea061d91325,/content/drive/MyDrive/NeuroBioSense_Dataset/NeuroBioSense/Advertisement Categories/Cosmetics_and_Fashion/9/A02/J/1.mp4,Cosmetics_and_Fashion,J,4,3,92564,92579,3.7037
4a7cabfad0f00053f16b0937050237af,/content/drive/MyDrive/NeuroBioSense_Dataset/NeuroBioSense/Advertisement Categories/Cosmetics_and_Fashion/9/A02/A/1.mp4,Cosmetics_and_Fashion,A,1,4,49723,49732,2.168833333333333
2a6473c2d8e9187bd627a59547ab46ce,/content/drive/MyDrive/NeuroBioSense_Dataset/NeuroBioSense/Advertisement Categories/Cosmetics_and_Fashion/9/A04/J/1.mp4,Cosmetics_and_Fashion,J,4,6,87993,88004,2.8028
38241c8bd2002e4094eef8dee6efbeae,/content/drive/MyDrive/NeuroBioSense_Dataset/NeuroBioSense/Advertisement Categories/Cosmetics_and_Fashion/9/A10/A/1.mp4,Cosmetics_and_Fashion,A,1,4,40954,40963,2.2355666666666667
278bc479ae6e038a977021fc3f7059f6,/content/drive/MyDrive/NeuroBioSense_Dataset/NeuroBioSense/Advertisement Categories/Cosmetics_and_Fashion/9/A10/D/1.mp4,Cosmetics_and_Fashion,D,2,6,65307,65319,3.1031
e219e4a91fcf8f13413fb930e12a4760,/content/drive/MyDrive/NeuroBioSense_Dataset/NeuroBioSense/Advertisement Categories/Cosmetics_and_Fashion/18/A12/J/2.mp4,Cosmetics_and_Fashion,J,4,4,118853,118862,2.3023000000000002
efd823ecf7464d059e7488acfcfcb4cf,/content/drive/MyDrive/NeuroBioSense_Dataset/NeuroBioSense/Advertisement Categories/Cosmetics_and_Fashion/18/A12/J/1.mp4,Cosmetics_and_Fashion,J,4,4,26728,26733,1.1678333333333333
5c245b65ebe0f1a2d6c3a1f430dff3e8,/content/drive/MyDrive/NeuroBioSense_Dataset/NeuroBioSense/Advertisement Categories/Cosmetics_and_Fashion/18/A12/SU/1.mp4,Cosmetics_and_Fashion,SU,6,4,49123,49131,1.9352666666666667
fd3f98318558be93f45bd466affb32b9,/content/drive/MyDrive/NeuroBioSense_Dataset/NeuroBioSense/Advertisement Categories/Cosmetics_and_Fashion/18/A14/J/2.mp4,Cosmetics_and_Fashion,J,4,0,138107,138116,2.2689333333333335
a71476d13d9875f043990efa5e6a3d79,/content/drive/MyDrive/NeuroBioSense_Dataset/NeuroBioSense/Advertisement Categories/Cosmetics_and_Fashion/18/A14/J/1.mp4,Cosmetics_and_Fashion,J,4,3,80419,80427,2.1021
283542444510579f82c0031272d79db5,/content/drive/MyDrive/NeuroBioSense_Dataset/NeuroBioSense/Advertisement Categories/Cosmetics_and_Fashion/18/A14/SU/1.mp4,Cosmetics_and_Fashion,SU,6,4,80839,80847,1.9686333333333335
c158d3507aa5153c924854006da9a10f,/content/drive/MyDrive/NeuroBioSense_Dataset/NeuroBioSense/Advertisement Categories/Cosmetics_and_Fashion/18/A15/J/1.mp4,Cosmetics_and_Fashion,J,4,6,101249,101258,2.2022
37df850ac8aa2b844f3e73d161999cc0,/content/drive/MyDrive/NeuroBioSense_Dataset/NeuroBioSense/Advertisement Categories/Cosmetics_and_Fashion/18/A15/A/1.mp4,Cosmetics_and_Fashion,A,1,6,74699,74704,1.3346666666666667
f4030e9642e7f6247b12f494d59b5695,/content/drive/MyDrive/NeuroBioSense_Dataset/NeuroBioSense/Advertisement Categories/Cosmetics_and_Fashion/18/A15/A/3.mp4,Cosmetics_and_Fashion,A,1,2,26999,27007,1.9019
e3caddf91f0c06d235ebdf41e0cb7111,/content/drive/MyDrive/NeuroBioSense_Dataset/NeuroBioSense/Advertisement Categories/Cosmetics_and_Fashion/18/A15/A/2.mp4,Cosmetics_and_Fashion,A,1,4,297,304,1.7017
ceadc9e1af715e50b513986701de3f93,/content/drive/MyDrive/NeuroBioSense_Dataset/NeuroBioSense/Advertisement Categories/Cosmetics_and_Fashion/18/A13/SU/1.mp4,Cosmetics_and_Fashion,SU,6,6,137911,137918,1.7350666666666668
35e297cd1580da46a4a60cfe2898b729,/content/drive/MyDrive/NeuroBioSense_Dataset/NeuroBioSense/Advertisement Categories/Cosmetics_and_Fashion/18/A13/A/1.mp4,Cosmetics_and_Fashion,A,1,6,102676,102682,1.4347666666666667
2dd1b39489216bee7a13983af63a42a7,/content/drive/MyDrive/NeuroBioSense_Dataset/NeuroBioSense/Advertisement Categories/Cosmetics_and_Fashion/18/A08/J/1.mp4,Cosmetics_and_Fashion,J,4,4,91078,91086,2.0020000000000002
52e54e63cf09718b7ad9731ba31aa5b1,/content/drive/MyDrive/NeuroBioSense_Dataset/NeuroBioSense/Advertisement Categories/Cosmetics_and_Fashion/18/A08/SU/1.mp4,Cosmetics_and_Fashion,SU,6,4,102551,102559,1.9019
77655a90b53e05f8cb13997b37cc5a0c,/content/drive/MyDrive/NeuroBioSense_Dataset/NeuroBioSense/Advertisement Categories/Cosmetics_and_Fashion/18/A08/SU/2.mp4,Cosmetics_and_Fashion,SU,6,6,106874,106882,2.1021
1a3610dc3a2fa01f17227727016ac9f5,/content/drive/MyDrive/NeuroBioSense_Dataset/NeuroBioSense/Advertisement Categories/Cosmetics_and_Fashion/18/A08/A/1.mp4,Cosmetics_and_Fashion,A,1,4,81533,81542,2.2355666666666667
29c2ea3ed2078f43aeb6462bf7a54f56,/content/drive/MyDrive/NeuroBioSense_Dataset/NeuroBioSense/Advertisement Categories/Cosmetics_and_Fashion/18/A02/D/1.mp4,Cosmetics_and_Fashion,D,2,1,35240,35251,2.6359666666666666
3bd7def39af8b06c904a39796054955b,/content/drive/MyDrive/NeuroBioSense_Dataset/NeuroBioSense/Advertisement Categories/Cosmetics_and_Fashion/18/A02/A/1.mp4,Cosmetics_and_Fashion,A,1,0,137370,137378,1.9019
fec7c044ff8e04d8a8b66734d8a6450b,/content/drive/MyDrive/NeuroBioSense_Dataset/NeuroBioSense/Advertisement Categories/Cosmetics_and_Fashion/18/A02/J/1.mp4,Cosmetics_and_Fashion,J,4,5,26657,26664,1.6683333333333334
ccdcfaecd7fb26d57433001ae978bd1d,/content/drive/MyDrive/NeuroBioSense_Dataset/NeuroBioSense/Advertisement Categories/Cosmetics_and_Fashion/18/A06/J/1.mp4,Cosmetics_and_Fashion,J,4,0,78233,78237,1.0343666666666667
627caca6ad031831a4b5cbfab97c21c0,/content/drive/MyDrive/NeuroBioSense_Dataset/NeuroBioSense/Advertisement Categories/Cosmetics_and_Fashion/18/A06/SU/1.mp4,Cosmetics_and_Fashion,SU,6,4,9623,9629,1.5015
b1d54ab461e4b5dc2e5f6728340aec56,/content/drive/MyDrive/NeuroBioSense_Dataset/NeuroBioSense/Advertisement Categories/Cosmetics_and_Fashion/18/A05/SU/1.mp4,Cosmetics_and_Fashion,SU,6,2,1199,1207,1.9019
34d0da45243b9dbd8ace1f7b3f9d52f4,/content/drive/MyDrive/NeuroBioSense_Dataset/NeuroBioSense/Advertisement Categories/Cosmetics_and_Fashion/18/A05/J/1.mp4,Cosmetics_and_Fashion,J,4,4,92815,92823,2.1021
4ba3d16ce0a7a30c6923ab7459502664,/content/drive/MyDrive/NeuroBioSense_Dataset/NeuroBioSense/Advertisement Categories/Cosmetics_and_Fashion/18/A03/D/1.mp4,Cosmetics_and_Fashion,D,2,6,79626,79636,2.435766666666667
fc70825dca46e5aa827f438cc2e90480,/content/drive/MyDrive/NeuroBioSense_Dataset/NeuroBioSense/Advertisement Categories/Cosmetics_and_Fashion/18/A03/J/1.mp4,Cosmetics_and_Fashion,J,4,6,49166,49174,2.0353666666666665
b02405ede4d6e12ee6fedf7d0116ecb4,/content/drive/MyDrive/NeuroBioSense_Dataset/NeuroBioSense/Advertisement Categories/Cosmetics_and_Fashion/18/A03/A/1.mp4,Cosmetics_and_Fashion,A,1,0,132918,132925,1.8018
75851032a48bd7c8b2b0737da47c0b06,/content/drive/MyDrive/NeuroBioSense_Dataset/NeuroBioSense/Advertisement Categories/Cosmetics_and_Fashion/18/A04/J/1.mp4,Cosmetics_and_Fashion,J,4,6,104364,104375,2.8361666666666667
8d6b206d10583a31e40c16150a57deed,/content/drive/MyDrive/NeuroBioSense_Dataset/NeuroBioSense/Advertisement Categories/Cosmetics_and_Fashion/18/A04/SU/2.mp4,Cosmetics_and_Fashion,SU,6,4,67474,67482,2.0020000000000002
e5de4050124e93906d5054c9e8948bf7,/content/drive/MyDrive/NeuroBioSense_Dataset/NeuroBioSense/Advertisement Categories/Cosmetics_and_Fashion/18/A04/SU/1.mp4,Cosmetics_and_Fashion,SU,6,2,22319,22327,1.9019
2bad57b56d8d20ead391eef0d1d9e183,/content/drive/MyDrive/NeuroBioSense_Dataset/NeuroBioSense/Advertisement Categories/Cosmetics_and_Fashion/18/A04/F/1.mp4,Cosmetics_and_Fashion,F,3,4,100645,100655,2.5358666666666667
6c206a2d4fe00160010941cdfd26a010,/content/drive/MyDrive/NeuroBioSense_Dataset/NeuroBioSense/Advertisement Categories/Cosmetics_and_Fashion/18/A04/A/1.mp4,Cosmetics_and_Fashion,A,1,5,17241,17251,2.469133333333333
4c3021442fba729d2440ed91974bb60f,/content/drive/MyDrive/NeuroBioSense_Dataset/NeuroBioSense/Advertisement Categories/Cosmetics_and_Fashion/18/A01/J/1.mp4,Cosmetics_and_Fashion,J,4,3,108582,108588,1.4014
717f08de7390af15b5b72777d522db20,/content/drive/MyDrive/NeuroBioSense_Dataset/NeuroBioSense/Advertisement Categories/Cosmetics_and_Fashion/18/A01/J/2.mp4,Cosmetics_and_Fashion,J,4,3,86339,86347,2.0687333333333333
c199ca349d1d08ef254eee551147144e,/content/drive/MyDrive/NeuroBioSense_Dataset/NeuroBioSense/Advertisement Categories/Cosmetics_and_Fashion/18/A01/SU/1.mp4,Cosmetics_and_Fashion,SU,6,0,11858,11865,1.6349666666666667
42666386cb56e904a9aee3b69d663408,/content/drive/MyDrive/NeuroBioSense_Dataset/NeuroBioSense/Advertisement Categories/Cosmetics_and_Fashion/18/A01/SU/2.mp4,Cosmetics_and_Fashion,SU,6,6,57550,57557,1.8018
76d9f089c7d48a0bdc75600e01e6561c,/content/drive/MyDrive/NeuroBioSense_Dataset/NeuroBioSense/Advertisement Categories/Cosmetics_and_Fashion/18/A01/A/1.mp4,Cosmetics_and_Fashion,A,1,2,33392,33397,1.3346666666666667
0a22f8f75e020ae2ec69ba502d29359b,/content/drive/MyDrive/NeuroBioSense_Dataset/NeuroBioSense/Advertisement Categories/Cosmetics_and_Fashion/18/A10/A/2.mp4,Cosmetics_and_Fashion,A,1,1,133832,133839,1.8018
a08bb7dadfb29b841537f9a0db9d5069,/content/drive/MyDrive/NeuroBioSense_Dataset/NeuroBioSense/Advertisement Categories/Cosmetics_and_Fashion/18/A10/A/1.mp4,Cosmetics_and_Fashion,A,1,6,27777,27786,2.135466666666667
97bb94e4df82faddcd20a89f6c15e0b2,/content/drive/MyDrive/NeuroBioSense_Dataset/NeuroBioSense/Advertisement Categories/Cosmetics_and_Fashion/18/A10/SA/3.mp4,Cosmetics_and_Fashion,SA,5,4,58272,58280,2.0687333333333333
09a1f3fed5fcfb91bda2dd8514745f99,/content/drive/MyDrive/NeuroBioSense_Dataset/NeuroBioSense/Advertisement Categories/Cosmetics_and_Fashion/18/A10/SA/2.mp4,Cosmetics_and_Fashion,SA,5,5,30845,30852,1.7017
cc93e5ad2417b009f88a9278be90a7d2,/content/drive/MyDrive/NeuroBioSense_Dataset/NeuroBioSense/Advertisement Categories/Cosmetics_and_Fashion/18/A10/SA/1.mp4,Cosmetics_and_Fashion,SA,5,6,44645,44651,1.6016000000000001
88d04176d0bcf28971e232fed680dd5c,/content/drive/MyDrive/NeuroBioSense_Dataset/NeuroBioSense/Advertisement Categories/Cosmetics_and_Fashion/18/A09/SU/1.mp4,Cosmetics_and_Fashion,SU,6,0,20616,20626,2.469133333333333
93a1ef7e791b1b13abe2c038b764b1a5,/content/drive/MyDrive/NeuroBioSense_Dataset/NeuroBioSense/Advertisement Categories/Cosmetics_and_Fashion/18/A09/SA/1.mp4,Cosmetics_and_Fashion,SA,5,0,8922,8929,1.8351666666666666
4ab4df570f6be36e55bb7e69dcab5540,/content/drive/MyDrive/NeuroBioSense_Dataset/NeuroBioSense/Advertisement Categories/Cosmetics_and_Fashion/18/A09/A/1.mp4,Cosmetics_and_Fashion,A,1,6,112130,112137,1.6349666666666667
cfaa6f6bf0b3ce37390467ffccd5ff94,/content/drive/MyDrive/NeuroBioSense_Dataset/NeuroBioSense/Advertisement Categories/Cosmetics_and_Fashion/18/A09/A/2.mp4,Cosmetics_and_Fashion,A,1,6,77075,77082,1.8685333333333334
28503401dfb886bd97d53af361d1b7da,/content/drive/MyDrive/NeuroBioSense_Dataset/NeuroBioSense/Advertisement Categories/Cosmetics_and_Fashion/18/A07/SU/1.mp4,Cosmetics_and_Fashion,SU,6,1,123754,123760,1.5348666666666666
eee3eb25f667530803b201bd49681d63,/content/drive/MyDrive/NeuroBioSense_Dataset/NeuroBioSense/Advertisement Categories/Cosmetics_and_Fashion/18/A07/J/2.mp4,Cosmetics_and_Fashion,J,4,6,130947,130953,1.4681333333333333
5515b5bb252f2fe937ca99473f62fd75,/content/drive/MyDrive/NeuroBioSense_Dataset/NeuroBioSense/Advertisement Categories/Cosmetics_and_Fashion/18/A07/J/3.mp4,Cosmetics_and_Fashion,J,4,3,100392,100400,1.9019
1f83b7cb0783c5f8eb780f68e58019fa,/content/drive/MyDrive/NeuroBioSense_Dataset/NeuroBioSense/Advertisement Categories/Cosmetics_and_Fashion/18/A07/J/1.mp4,Cosmetics_and_Fashion,J,4,0,18552,18559,1.8018
b8fa1fbe2e318690d48f4dfe81a5b167,/content/drive/MyDrive/NeuroBioSense_Dataset/NeuroBioSense/Advertisement Categories/Cosmetics_and_Fashion/18/A07/A/1.mp4,Cosmetics_and_Fashion,A,1,4,111209,111214,1.3680333333333334
1c7d72dafbc0a1d7651e440356ea1c7d,/content/drive/MyDrive/NeuroBioSense_Dataset/NeuroBioSense/Advertisement Categories/Cosmetics_and_Fashion/18/A07/A/2.mp4,Cosmetics_and_Fashion,A,1,2,141244,141253,2.2689333333333335
925912f34fbc683a3405cdd5fd6c3ea4,/content/drive/MyDrive/NeuroBioSense_Dataset/NeuroBioSense/Advertisement Categories/Cosmetics_and_Fashion/18/A11/D/3.mp4,Cosmetics_and_Fashion,D,2,4,110816,110822,1.6016000000000001
0ae7b4f7c5ab454d00d35db6b77c8cfd,/content/drive/MyDrive/NeuroBioSense_Dataset/NeuroBioSense/Advertisement Categories/Cosmetics_and_Fashion/18/A11/D/2.mp4,Cosmetics_and_Fashion,D,2,4,27213,27222,2.168833333333333
87111f22ff44642b353e1dce222c4f9b,/content/drive/MyDrive/NeuroBioSense_Dataset/NeuroBioSense/Advertisement Categories/Cosmetics_and_Fashion/18/A11/D/1.mp4,Cosmetics_and_Fashion,D,2,4,135316,135324,2.0020000000000002
8b9a2d890d1ae8146012b0c501ccf5c1,/content/drive/MyDrive/NeuroBioSense_Dataset/NeuroBioSense/Advertisement Categories/Cosmetics_and_Fashion/18/A11/J/1.mp4,Cosmetics_and_Fashion,J,4,4,93289,93295,1.6016000000000001
f896c438fe5bbebd54f3d96caae8cc5e,/content/drive/MyDrive/NeuroBioSense_Dataset/NeuroBioSense/Advertisement Categories/Food_and_Market_Subfolder/53/A10/SU/1.mp4,Food_and_Market_Subfolder,SU,6,4,98529,98535,1.6016000000000001
047c5c620faf0fbb5b07b2cbde522c3e,/content/drive/MyDrive/NeuroBioSense_Dataset/NeuroBioSense/Advertisement Categories/Food_and_Market_Subfolder/53/A10/F/1.mp4,Food_and_Market_Subfolder,F,3,4,9289,9301,3.036366666666667
220a12d5ac0fbd7d22b1da4e86719aee,/content/drive/MyDrive/NeuroBioSense_Dataset/NeuroBioSense/Advertisement Categories/Food_and_Market_Subfolder/53/A10/A/1.mp4,Food_and_Market_Subfolder,A,1,1,129856,129863,1.8685333333333334
5a4f18135da1a27ec83b7e57eba2f893,/content/drive/MyDrive/NeuroBioSense_Dataset/NeuroBioSense/Advertisement Categories/Food_and_Market_Subfolder/53/A06/J/2.mp4,Food_and_Market_Subfolder,J,4,6,113584,113595,2.6359666666666666
ff83b073c59011d2393abdb9604da0f3,/content/drive/MyDrive/NeuroBioSense_Dataset/NeuroBioSense/Advertisement Categories/Food_and_Market_Subfolder/53/A06/J/1.mp4,Food_and_Market_Subfolder,J,4,0,13765,13779,3.5368666666666666
4903f4c66daf6fa78f2659e19e9b51e4,/content/drive/MyDrive/NeuroBioSense_Dataset/NeuroBioSense/Advertisement Categories/Food_and_Market_Subfolder/53/A06/SU/v1.mp4,Food_and_Market_Subfolder,SU,6,4,147335,147340,1.2679333333333334
2eeb2506470b0c6d21e6645bde3ad226,/content/drive/MyDrive/NeuroBioSense_Dataset/NeuroBioSense/Advertisement Categories/Food_and_Market_Subfolder/53/A09/SU/2.mp4,Food_and_Market_Subfolder,SU,6,6,96418,96425,1.7684333333333333
2c7b04e9924e49cfbf195b6d75143967,/content/drive/MyDrive/NeuroBioSense_Dataset/NeuroBioSense/Advertisement Categories/Food_and_Market_Subfolder/53/A09/SU/1.mp4,Food_and_Market_Subfolder,SU,6,0,135625,135633,1.9019
cf38a2155afdfe8a955094f4b7e861a8,/content/drive/MyDrive/NeuroBioSense_Dataset/NeuroBioSense/Advertisement Categories/Food_and_Market_Subfolder/53/A09/J/1.mp4,Food_and_Market_Subfolder,J,4,2,140158,140166,2.0353666666666665
0a5c9ad9872e83fbda89c14abe313f01,/content/drive/MyDrive/NeuroBioSense_Dataset/NeuroBioSense/Advertisement Categories/Food_and_Market_Subfolder/53/A08/D/2.mp4,Food_and_Market_Subfolder,D,2,0,14546,14552,1.5682333333333334
6adf4ac9ea75e88a42584bca581d8749,/content/drive/MyDrive/NeuroBioSense_Dataset/NeuroBioSense/Advertisement Categories/Food_and_Market_Subfolder/53/A08/D/3.mp4,Food_and_Market_Subfolder,D,2,2,10290,10296,1.5682333333333334
66ef9f800b4a8cf20793bd6cfdae2a48,/content/drive/MyDrive/NeuroBioSense_Dataset/NeuroBioSense/Advertisement Categories/Food_and_Market_Subfolder/53/A08/D/1.mp4,Food_and_Market_Subfolder,D,2,4,96055,96061,1.6016000000000001
43f1c934dfec832e48a350ee9ee0704d,/content/drive/MyDrive/NeuroBioSense_Dataset/NeuroBioSense/Advertisement Categories/Food_and_Market_Subfolder/53/A08/J/1.mp4,Food_and_Market_Subfolder,J,4,3,81229,81236,1.7017
7201f4cee0947c0c138e41781545eb1c,/content/drive/MyDrive/NeuroBioSense_Dataset/NeuroBioSense/Advertisement Categories/Food_and_Market_Subfolder/53/A01/SU/2.mp4,Food_and_Market_Subfolder,SU,6,4,78109,78126,4.137466666666667
2fd4701ad04bdb115f5cb943e70b882c,/content/drive/MyDrive/NeuroBioSense_Dataset/NeuroBioSense/Advertisement Categories/Food_and_Market_Subfolder/53/A01/SU/1.mp4,Food_and_Market_Subfolder,SU,6,4,34630,34648,4.471133333333333
ed68bf7085e2d10aad9e6b25f5a6a166,/content/drive/MyDrive/NeuroBioSense_Dataset/NeuroBioSense/Advertisement Categories/Food_and_Market_Subfolder/53/A07/J/1.mp4,Food_and_Market_Subfolder,J,4,4,140895,140911,3.937266666666667
ee0b02ce57c70b21679ee4c0c8fc0306,/content/drive/MyDrive/NeuroBioSense_Dataset/NeuroBioSense/Advertisement Categories/Food_and_Market_Subfolder/53/A07/N/1.mp4,Food_and_Market_Subfolder,N,0,4,57980,58003,5.638966666666667
be718a1d1e00406c07bd8196e575b00d,/content/drive/MyDrive/NeuroBioSense_Dataset/NeuroBioSense/Advertisement Categories/Food_and_Market_Subfolder/53/A04/A/1.mp4,Food_and_Market_Subfolder,A,1,4,41575,41579,0.5005000000000001
ea141e3db41056a8e54b87a8524aeca3,/content/drive/MyDrive/NeuroBioSense_Dataset/NeuroBioSense/Advertisement Categories/Food_and_Market_Subfolder/53/A04/SU/1.mp4,Food_and_Market_Subfolder,SU,6,4,94313,94322,2.2022
a7269f8ce50de67c9d240abadf3d3a33,/content/drive/MyDrive/NeuroBioSense_Dataset/NeuroBioSense/Advertisement Categories/Food_and_Market_Subfolder/53/A04/D/1.mp4,Food_and_Market_Subfolder,D,2,5,30842,30857,3.8705333333333334
d587bb84bc3e12332b793d4a01dec659,/content/drive/MyDrive/NeuroBioSense_Dataset/NeuroBioSense/Advertisement Categories/Food_and_Market_Subfolder/53/A04/D/2.mp4,Food_and_Market_Subfolder,D,2,4,147329,147340,2.736066666666667
6f6b50ea2f22d4aa3194616da5827324,/content/drive/MyDrive/NeuroBioSense_Dataset/NeuroBioSense/Advertisement Categories/Food_and_Market_Subfolder/53/A03/J/3.mp4,Food_and_Market_Subfolder,J,4,6,83941,83950,2.168833333333333
feb18897408de989cf25d3459f970712,/content/drive/MyDrive/NeuroBioSense_Dataset/NeuroBioSense/Advertisement Categories/Food_and_Market_Subfolder/53/A03/J/1.mp4,Food_and_Market_Subfolder,J,4,0,141824,141833,2.3690333333333333
154a6bde5de9dadcffde58c56db9ea02,/content/drive/MyDrive/NeuroBioSense_Dataset/NeuroBioSense/Advertisement Categories/Food_and_Market_Subfolder/53/A03/J/2.mp4,Food_and_Market_Subfolder,J,4,4,67799,67803,1.0010000000000001
ecf87258a6fc7555e7c01d5118126416,/content/drive/MyDrive/NeuroBioSense_Dataset/NeuroBioSense/Advertisement Categories/Food_and_Market_Subfolder/53/A02/J/2.mp4,Food_and_Market_Subfolder,J,4,6,50153,50176,5.839166666666666
ec8f3bcdddee6c1483e012d7a654d60a,/content/drive/MyDrive/NeuroBioSense_Dataset/NeuroBioSense/Advertisement Categories/Food_and_Market_Subfolder/53/A02/J/1.mp4,Food_and_Market_Subfolder,J,4,4,90434,90452,4.5045
02d0c324231a99f94cf92ecec4b34318,/content/drive/MyDrive/NeuroBioSense_Dataset/NeuroBioSense/Advertisement Categories/Food_and_Market_Subfolder/53/A02/SU/1.mp4,Food_and_Market_Subfolder,SU,6,3,84127,84143,4.037366666666666
84cd1ba9098f3b3c64a00a355cc5a28f,/content/drive/MyDrive/NeuroBioSense_Dataset/NeuroBioSense/Advertisement Categories/Food_and_Market_Subfolder/53/A05/SU/1.mp4,Food_and_Market_Subfolder,SU,6,4,128426,128433,1.7017
8e0b802d330cb729ce8035409a793db8,/content/drive/MyDrive/NeuroBioSense_Dataset/NeuroBioSense/Advertisement Categories/Food_and_Market_Subfolder/53/A05/J/1.mp4,Food_and_Market_Subfolder,J,4,5,137588,137600,2.9029000000000003
99d3f6b64ff6ec03920f9b1cbc843a74,/content/drive/MyDrive/NeuroBioSense_Dataset/NeuroBioSense/Advertisement Categories/Food_and_Market_Subfolder/49/A07/F/1.mp4,Food_and_Market_Subfolder,F,3,6,112833,112839,1.4014
db5525c248fc88ed484eb6ed0540e15c,/content/drive/MyDrive/NeuroBioSense_Dataset/NeuroBioSense/Advertisement Categories/Food_and_Market_Subfolder/49/A06/A/1.mp4,Food_and_Market_Subfolder,A,1,6,93870,93878,1.9686333333333335
8691c2bcbc12632e3429f1a2af2cb75b,/content/drive/MyDrive/NeuroBioSense_Dataset/NeuroBioSense/Advertisement Categories/Food_and_Market_Subfolder/49/A09/SU/1.mp4,Food_and_Market_Subfolder,SU,6,4,68741,68751,2.5025
d45e9992f00d3e6819f61a39217cbf7d,/content/drive/MyDrive/NeuroBioSense_Dataset/NeuroBioSense/Advertisement Categories/Food_and_Market_Subfolder/49/A09/SU/2.mp4,Food_and_Market_Subfolder,SU,6,6,27944,27952,2.0353666666666665
51456e91902ff1038bbd5274a009efcd,/content/drive/MyDrive/NeuroBioSense_Dataset/NeuroBioSense/Advertisement Categories/Food_and_Market_Subfolder/49/A09/D/1.mp4,Food_and_Market_Subfolder,D,2,6,4605,4619,3.6036
16a88e8e0af05f4d196cd7d516817597,/content/drive/MyDrive/NeuroBioSense_Dataset/NeuroBioSense/Advertisement Categories/Food_and_Market_Subfolder/49/A09/A/1.mp4,Food_and_Market_Subfolder,A,1,6,147084,147093,2.2689333333333335
f3cb5280602901300b2a30b2eaf38695,/content/drive/MyDrive/NeuroBioSense_Dataset/NeuroBioSense/Advertisement Categories/Food_and_Market_Subfolder/49/A09/J/2.mp4,Food_and_Market_Subfolder,J,4,4,26872,26881,2.3356666666666666
cc4ac941fe46944bcfedb690c2032bef,/content/drive/MyDrive/NeuroBioSense_Dataset/NeuroBioSense/Advertisement Categories/Food_and_Market_Subfolder/49/A09/J/1.mp4,Food_and_Market_Subfolder,J,4,3,77647,77655,2.0687333333333333
c0d4bb7c57e954fc6a5d0a894f22f40a,/content/drive/MyDrive/NeuroBioSense_Dataset/NeuroBioSense/Advertisement Categories/Food_and_Market_Subfolder/49/A08/D/1.mp4,Food_and_Market_Subfolder,D,2,4,142587,142602,3.6703333333333332
6a1631f2cc2b3646ded8af118661c7ec,/content/drive/MyDrive/NeuroBioSense_Dataset/NeuroBioSense/Advertisement Categories/Food_and_Market_Subfolder/49/A04/J/1.mp4,Food_and_Market_Subfolder,J,4,6,45333,45344,2.8028
5d4e1c2e95f648f2ad2e569bf4df7522,/content/drive/MyDrive/NeuroBioSense_Dataset/NeuroBioSense/Advertisement Categories/Food_and_Market_Subfolder/49/A04/J/2.mp4,Food_and_Market_Subfolder,J,4,4,135270,135282,2.9029000000000003
5ec3ec6a409571522a1fa41c73146c27,/content/drive/MyDrive/NeuroBioSense_Dataset/NeuroBioSense/Advertisement Categories/Food_and_Market_Subfolder/49/A04/SU/2.mp4,Food_and_Market_Subfolder,SU,6,2,13832,13841,2.3023000000000002
cc541fb209d4ee63ce7bf8bf4322b271,/content/drive/MyDrive/NeuroBioSense_Dataset/NeuroBioSense/Advertisement Categories/Food_and_Market_Subfolder/49/A04/SU/1.mp4,Food_and_Market_Subfolder,SU,6,4,3091,3101,2.5692333333333335
0f405339714bc133d99b4ca5334c5dae,/content/drive/MyDrive/NeuroBioSense_Dataset/NeuroBioSense/Advertisement Categories/Food_and_Market_Subfolder/49/A01/J/1.mp4,Food_and_Market_Subfolder,J,4,4,118844,118852,2.0353666666666665
64806bb93055410cc1319552805b704e,/content/drive/MyDrive/NeuroBioSense_Dataset/NeuroBioSense/Advertisement Categories/Food_and_Market_Subfolder/49/A01/F/1.mp4,Food_and_Market_Subfolder,F,3,6,580,584,1.0343666666666667
fd4d103bfc46f864556bfb09f9271e05,/content/drive/MyDrive/NeuroBioSense_Dataset/NeuroBioSense/Advertisement Categories/Food_and_Market_Subfolder/49/A10/D/2.mp4,Food_and_Market_Subfolder,D,2,4,6635,6644,2.3690333333333333
960d62f972f866b0cd8f2a705a29a149,/content/drive/MyDrive/NeuroBioSense_Dataset/NeuroBioSense/Advertisement Categories/Food_and_Market_Subfolder/49/A10/D/1.mp4,Food_and_Market_Subfolder,D,2,0,133529,133538,2.2689333333333335
156846f6a602067216698aa41167c79b,/content/drive/MyDrive/NeuroBioSense_Dataset/NeuroBioSense/Advertisement Categories/Food_and_Market_Subfolder/49/A03/SU/2.mp4,Food_and_Market_Subfolder,SU,6,4,4926,4935,2.2022
ed3352b01b146fca727cfdc386d591c6,/content/drive/MyDrive/NeuroBioSense_Dataset/NeuroBioSense/Advertisement Categories/Food_and_Market_Subfolder/49/A03/SU/1.mp4,Food_and_Market_Subfolder,SU,6,4,124327,124338,2.8695333333333335
d7f56c581fc7574fe9554007b6fb65cb,/content/drive/MyDrive/NeuroBioSense_Dataset/NeuroBioSense/Advertisement Categories/Food_and_Market_Subfolder/49/A03/A/1.mp4,Food_and_Market_Subfolder,A,1,6,115421,115447,6.439766666666666
b7c6e51c38ba1edcc17bedfaebe46846,/content/drive/MyDrive/NeuroBioSense_Dataset/NeuroBioSense/Advertisement Categories/Food_and_Market_Subfolder/49/A05/J/1.mp4,Food_and_Market_Subfolder,J,4,4,31716,31724,1.9019
76ab8fcba3e668536682d5e297569232,/content/drive/MyDrive/NeuroBioSense_Dataset/NeuroBioSense/Advertisement Categories/Food_and_Market_Subfolder/49/A02/J/2.mp4,Food_and_Market_Subfolder,J,4,4,54545,54554,2.3690333333333333
dfc5e58f8e9bb6d8c5899a6e4c028458,/content/drive/MyDrive/NeuroBioSense_Dataset/NeuroBioSense/Advertisement Categories/Food_and_Market_Subfolder/49/A02/J/1.mp4,Food_and_Market_Subfolder,J,4,0,142398,142404,1.5682333333333334
f98071021e52ddd21fcc23b4432f32a8,/content/drive/MyDrive/NeuroBioSense_Dataset/NeuroBioSense/Advertisement Categories/Food_and_Market_Subfolder/49/A02/SU/1.mp4,Food_and_Market_Subfolder,SU,6,6,56368,56379,2.8695333333333335
10779bbca5c046b6c1ce3815da8aa8f1,/content/drive/MyDrive/NeuroBioSense_Dataset/NeuroBioSense/Advertisement Categories/Food_and_Market_Subfolder/55/A09/SA/1.mp4,Food_and_Market_Subfolder,SA,5,4,30290,30296,1.4347666666666667
1c40de569032f134e746c9f1e6cf3e06,/content/drive/MyDrive/NeuroBioSense_Dataset/NeuroBioSense/Advertisement Categories/Food_and_Market_Subfolder/55/A07/D/1.mp4,Food_and_Market_Subfolder,D,2,2,124034,124041,1.7017
afbae0aefecaa628d5c387bd4e149ee9,/content/drive/MyDrive/NeuroBioSense_Dataset/NeuroBioSense/Advertisement Categories/Food_and_Market_Subfolder/55/A07/SA/1.mp4,Food_and_Market_Subfolder,SA,5,3,94766,94776,2.5358666666666667
c16cde96e173d0404bcac13bcff0e864,/content/drive/MyDrive/NeuroBioSense_Dataset/NeuroBioSense/Advertisement Categories/Food_and_Market_Subfolder/55/A08/J/1.mp4,Food_and_Market_Subfolder,J,4,4,58183,58192,2.168833333333333
906bbcdb9cd2c3845014ccc25c55f119,/content/drive/MyDrive/NeuroBioSense_Dataset/NeuroBioSense/Advertisement Categories/Food_and_Market_Subfolder/55/A08/SU/1.mp4,Food_and_Market_Subfolder,SU,6,4,105204,105211,1.7684333333333333
ee936a51c8b87a5514b6ed7ede1c912e,/content/drive/MyDrive/NeuroBioSense_Dataset/NeuroBioSense/Advertisement Categories/Food_and_Market_Subfolder/55/A08/SA/1.mp4,Food_and_Market_Subfolder,SA,5,5,5430,5437,1.6683333333333334
dd3e661d8602aa21761d310ae5db596a,/content/drive/MyDrive/NeuroBioSense_Dataset/NeuroBioSense/Advertisement Categories/Food_and_Market_Subfolder/55/A06/D/1.mp4,Food_and_Market_Subfolder,D,2,2,147716,147722,1.5015
e5bf9d80f58cd3720f913d0b43febc6d,/content/drive/MyDrive/NeuroBioSense_Dataset/NeuroBioSense/Advertisement Categories/Food_and_Market_Subfolder/55/A01/D/1.mp4,Food_and_Market_Subfolder,D,2,6,70897,70901,1.0677333333333334
e6dbd8f2642ec36734a53e709b6a898a,/content/drive/MyDrive/NeuroBioSense_Dataset/NeuroBioSense/Advertisement Categories/Food_and_Market_Subfolder/55/A10/SU/1.mp4,Food_and_Market_Subfolder,SU,6,4,82806,82812,1.6016000000000001
320e2dc8273cbfb964bfec2180a8e20b,/content/drive/MyDrive/NeuroBioSense_Dataset/NeuroBioSense/Advertisement Categories/Food_and_Market_Subfolder/55/A02/SU/1.mp4,Food_and_Market_Subfolder,SU,6,4,136060,136066,1.4347666666666667
fc13acec45d39173068d32c7dc6543db,/content/drive/MyDrive/NeuroBioSense_Dataset/NeuroBioSense/Advertisement Categories/Food_and_Market_Subfolder/55/A05/D/1.mp4,Food_and_Market_Subfolder,D,2,6,82546,82550,1.1011
81abe039fcdf445f436f07c576b9af66,/content/drive/MyDrive/NeuroBioSense_Dataset/NeuroBioSense/Advertisement Categories/Food_and_Market_Subfolder/55/A03/SA/1.mp4,Food_and_Market_Subfolder,SA,5,4,144090,144098,2.0687333333333333
05fdf6aefb5ce6a98dd9cb4fbcb4195f,/content/drive/MyDrive/NeuroBioSense_Dataset/NeuroBioSense/Advertisement Categories/Food_and_Market_Subfolder/40/A09/D/1.mp4,Food_and_Market_Subfolder,D,2,4,6684,6691,1.6683333333333334
c8558df17c76bfc3e7fec40d38328aac,/content/drive/MyDrive/NeuroBioSense_Dataset/NeuroBioSense/Advertisement Categories/Food_and_Market_Subfolder/40/A09/D/2.mp4,Food_and_Market_Subfolder,D,2,0,78258,78265,1.8018
d452d6bce945b7093ac65e52028f8724,/content/drive/MyDrive/NeuroBioSense_Dataset/NeuroBioSense/Advertisement Categories/Food_and_Market_Subfolder/40/A09/J/1.mp4,Food_and_Market_Subfolder,J,4,0,20053,20061,1.9019
89bf9e76e744e38a2b593dcb169bc084,/content/drive/MyDrive/NeuroBioSense_Dataset/NeuroBioSense/Advertisement Categories/Food_and_Market_Subfolder/40/A09/J/2.mp4,Food_and_Market_Subfolder,J,4,4,63311,63328,4.2042
9d709782917f873ab2955b845f5a0734,/content/drive/MyDrive/NeuroBioSense_Dataset/NeuroBioSense/Advertisement Categories/Food_and_Market_Subfolder/40/A09/SA/1.mp4,Food_and_Market_Subfolder,SA,5,0,114147,114155,2.0687333333333333
14e9a4ba96c354367e254112a9501759,/content/drive/MyDrive/NeuroBioSense_Dataset/NeuroBioSense/Advertisement Categories/Food_and_Market_Subfolder/40/A08/SA/1.mp4,Food_and_Market_Subfolder,SA,5,4,146941,146947,1.4347666666666667
8092eeb35437e3fcdf483b5a3a433e07,/content/drive/MyDrive/NeuroBioSense_Dataset/NeuroBioSense/Advertisement Categories/Food_and_Market_Subfolder/40/A08/D/1.mp4,Food_and_Market_Subfolder,D,2,4,76960,76971,2.8361666666666667
53b2f11d9562f2a02b0c6a8091ed1e60,/content/drive/MyDrive/NeuroBioSense_Dataset/NeuroBioSense/Advertisement Categories/Food_and_Market_Subfolder/40/A07/SA/2.mp4,Food_and_Market_Subfolder,SA,5,6,67662,67669,1.8018
6a3fe5b2223896020d30659685027686,/content/drive/MyDrive/NeuroBioSense_Dataset/NeuroBioSense/Advertisement Categories/Food_and_Market_Subfolder/40/A07/SA/1.mp4,Food_and_Market_Subfolder,SA,5,4,109737,109746,2.2355666666666667
192ec621c04198c25153821add09612d,/content/drive/MyDrive/NeuroBioSense_Dataset/NeuroBioSense/Advertisement Categories/Food_and_Market_Subfolder/40/A07/A/1.mp4,Food_and_Market_Subfolder,A,1,4,35815,35822,1.8018
433e884175ec07db64481de6007f625c,/content/drive/MyDrive/NeuroBioSense_Dataset/NeuroBioSense/Advertisement Categories/Food_and_Market_Subfolder/40/A07/SU/1.mp4,Food_and_Market_Subfolder,SU,6,6,48838,48845,1.8351666666666666
9e943bc4fc6f0f8dfeb8717dd6c0d62b,/content/drive/MyDrive/NeuroBioSense_Dataset/NeuroBioSense/Advertisement Categories/Food_and_Market_Subfolder/40/A01/J/1.mp4,Food_and_Market_Subfolder,J,4,6,89949,89960,2.6359666666666666
78abc7dcdfbcfd4bd89d583547f61d49,/content/drive/MyDrive/NeuroBioSense_Dataset/NeuroBioSense/Advertisement Categories/Food_and_Market_Subfolder/40/A01/SU/1.mp4,Food_and_Market_Subfolder,SU,6,4,45095,45104,2.2355666666666667
b790916df3bcc21ff080a19d2002acdd,/content/drive/MyDrive/NeuroBioSense_Dataset/NeuroBioSense/Advertisement Categories/Food_and_Market_Subfolder/40/A01/A/1.mp4,Food_and_Market_Subfolder,A,1,6,35146,35152,1.5015
aa9cf72bfa9ea105f09bd4ffcd53d701,/content/drive/MyDrive/NeuroBioSense_Dataset/NeuroBioSense/Advertisement Categories/Food_and_Market_Subfolder/40/A01/D/1.mp4,Food_and_Market_Subfolder,D,2,4,127020,127025,1.1678333333333333
bf0d961e6e476e3301cd82d7f36cbaec,/content/drive/MyDrive/NeuroBioSense_Dataset/NeuroBioSense/Advertisement Categories/Food_and_Market_Subfolder/40/A06/J/1.mp4,Food_and_Market_Subfolder,J,4,4,128355,128364,2.2355666666666667
dedd40cd038612ffb9be08415ebc06df,/content/drive/MyDrive/NeuroBioSense_Dataset/NeuroBioSense/Advertisement Categories/Food_and_Market_Subfolder/40/A06/SA/2.mp4,Food_and_Market_Subfolder,SA,5,4,127092,127096,0.7674333333333333
fd3c90a63f74f23e08261d17a94fb3a8,/content/drive/MyDrive/NeuroBioSense_Dataset/NeuroBioSense/Advertisement Categories/Food_and_Market_Subfolder/40/A06/SA/1.mp4,Food_and_Market_Subfolder,SA,5,4,26861,26865,0.8675333333333334
96afab08192e2b968387058151ee7153,/content/drive/MyDrive/NeuroBioSense_Dataset/NeuroBioSense/Advertisement Categories/Food_and_Market_Subfolder/40/A06/SU/1.mp4,Food_and_Market_Subfolder,SU,6,6,140569,140573,0.8341666666666667
09ea73903472bae4a0a166d4d26ae73b,/content/drive/MyDrive/NeuroBioSense_Dataset/NeuroBioSense/Advertisement Categories/Food_and_Market_Subfolder/40/A06/A/1.mp4,Food_and_Market_Subfolder,A,1,0,123320,123327,1.8351666666666666
7bd474b768a975041cff97d8a5c1f838,/content/drive/MyDrive/NeuroBioSense_Dataset/NeuroBioSense/Advertisement Categories/Food_and_Market_Subfolder/40/A03/SU/2.mp4,Food_and_Market_Subfolder,SU,6,4,81997,82004,1.8685333333333334
8914fd1d4ba97be6a430619acf187110,/content/drive/MyDrive/NeuroBioSense_Dataset/NeuroBioSense/Advertisement Categories/Food_and_Market_Subfolder/40/A03/SU/1.mp4,Food_and_Market_Subfolder,SU,6,4,38809,38814,1.3680333333333334
8cf26049f727f423518a7b71c8198e6f,/content/drive/MyDrive/NeuroBioSense_Dataset/NeuroBioSense/Advertisement Categories/Food_and_Market_Subfolder/40/A03/A/1.mp4,Food_and_Market_Subfolder,A,1,1,21213,21218,1.1344666666666667
cca8ebeabf41a4a3724798799c135461,/content/drive/MyDrive/NeuroBioSense_Dataset/NeuroBioSense/Advertisement Categories/Food_and_Market_Subfolder/40/A03/SA/1.mp4,Food_and_Market_Subfolder,SA,5,4,47385,47394,2.2022
ff25b50703d3a53860c5cc88e1347cf1,/content/drive/MyDrive/NeuroBioSense_Dataset/NeuroBioSense/Advertisement Categories/Food_and_Market_Subfolder/40/A04/D/2.mp4,Food_and_Market_Subfolder,D,2,6,59566,59576,2.5025
c020ac1db4cedb96bb9659498490e374,/content/drive/MyDrive/NeuroBioSense_Dataset/NeuroBioSense/Advertisement Categories/Food_and_Market_Subfolder/40/A04/D/1.mp4,Food_and_Market_Subfolder,D,2,4,143980,143987,1.6683333333333334
0650d2ac0ceca608ca7f52885a23c1f4,/content/drive/MyDrive/NeuroBioSense_Dataset/NeuroBioSense/Advertisement Categories/Food_and_Market_Subfolder/40/A04/J/1.mp4,Food_and_Market_Subfolder,J,4,4,18696,18703,1.7350666666666668
d68b693d2359936dce5b364f334246c4,/content/drive/MyDrive/NeuroBioSense_Dataset/NeuroBioSense/Advertisement Categories/Food_and_Market_Subfolder/40/A04/J/2.mp4,Food_and_Market_Subfolder,J,4,6,82653,82660,1.8351666666666666
5e1ec84ee3aa591370e3f231c0db95f7,/content/drive/MyDrive/NeuroBioSense_Dataset/NeuroBioSense/Advertisement Categories/Food_and_Market_Subfolder/40/A04/F/1.mp4,Food_and_Market_Subfolder,F,3,4,41816,41821,1.2679333333333334
63d5b1a17c7e085883e6d801253dfc5d,/content/drive/MyDrive/NeuroBioSense_Dataset/NeuroBioSense/Advertisement Categories/Food_and_Market_Subfolder/40/A04/SU/1.mp4,Food_and_Market_Subfolder,SU,6,6,112844,112855,2.8361666666666667
e724b6ce8a23f8ca16000e0bfe01f054,/content/drive/MyDrive/NeuroBioSense_Dataset/NeuroBioSense/Advertisement Categories/Food_and_Market_Subfolder/40/A04/SA/1.mp4,Food_and_Market_Subfolder,SA,5,6,28453,28459,1.5015
874a9ec984055658db93ea1d62dae9d3,/content/drive/MyDrive/NeuroBioSense_Dataset/NeuroBioSense/Advertisement Categories/Food_and_Market_Subfolder/40/A02/J/1.mp4,Food_and_Market_Subfolder,J,4,4,41814,41823,2.2689333333333335
e97bc0de6f9a790e94149aff25b1a64a,/content/drive/MyDrive/NeuroBioSense_Dataset/NeuroBioSense/Advertisement Categories/Food_and_Market_Subfolder/40/A02/J/2.mp4,Food_and_Market_Subfolder,J,4,4,73225,73240,3.8705333333333334
f6dcc79f70c69c868cf961b01ba4c3e6,/content/drive/MyDrive/NeuroBioSense_Dataset/NeuroBioSense/Advertisement Categories/Food_and_Market_Subfolder/40/A02/J/3.mp4,Food_and_Market_Subfolder,J,4,3,58158,58176,4.571233333333334
19f3af7f51e0ed863819f55a766bdf90,/content/drive/MyDrive/NeuroBioSense_Dataset/NeuroBioSense/Advertisement Categories/Food_and_Market_Subfolder/40/A10/J/1.mp4,Food_and_Market_Subfolder,J,4,6,100877,100881,1.0343666666666667
513aefcaf3ca50652fd97e5947ed0e93,/content/drive/MyDrive/NeuroBioSense_Dataset/NeuroBioSense/Advertisement Categories/Food_and_Market_Subfolder/40/A10/SU/2.mp4,Food_and_Market_Subfolder,SU,6,6,9173,9179,1.6016000000000001
d606c8512f5bd5430fa136a510f4edaa,/content/drive/MyDrive/NeuroBioSense_Dataset/NeuroBioSense/Advertisement Categories/Food_and_Market_Subfolder/40/A10/SU/1.mp4,Food_and_Market_Subfolder,SU,6,4,47958,47963,1.1344666666666667
762773f39e4ba1697827729cfa0fb6c2,/content/drive/MyDrive/NeuroBioSense_Dataset/NeuroBioSense/Advertisement Categories/Food_and_Market_Subfolder/40/A05/SU/1.mp4,Food_and_Market_Subfolder,SU,6,4,145357,145364,1.7350666666666668
f0dc0b78c0a3e20b3cb55cadcc661f05,/content/drive/MyDrive/NeuroBioSense_Dataset/NeuroBioSense/Advertisement Categories/Food_and_Market_Subfolder/40/A05/SU/2.mp4,Food_and_Market_Subfolder,SU,6,0,126733,126743,2.4024
3d4e8ec87c2e380d0646329cf10222cb,/content/drive/MyDrive/NeuroBioSense_Dataset/NeuroBioSense/Advertisement Categories/Food_and_Market_Subfolder/40/A05/SU/3.mp4,Food_and_Market_Subfolder,SU,6,4,75292,75299,1.8351666666666666
30f4c21ec8d97c5d557f0f75ea195176,/content/drive/MyDrive/NeuroBioSense_Dataset/NeuroBioSense/Advertisement Categories/Food_and_Market_Subfolder/40/A05/A/1.mp4,Food_and_Market_Subfolder,A,1,4,98467,98472,1.3013000000000001
e95d2bcd83469a8971356b79730f78b5,/content/drive/MyDrive/NeuroBioSense_Dataset/NeuroBioSense/Advertisement Categories/Food_and_Market_Subfolder/40/A05/J/1.mp4,Food_and_Market_Subfolder,J,4,5,33752,33762,2.4024
ef04d998d0f4b52e5e8ea23db7ad01d8,/content/drive/MyDrive/NeuroBioSense_Dataset/NeuroBioSense/Advertisement Categories/Food_and_Market_Subfolder/40/A05/J/2.mp4,Food_and_Market_Subfolder,J,4,4,90056,90068,2.9029000000000003
4ca97cd1a4980d4d45408e3df683c5e3,/content/drive/MyDrive/NeuroBioSense_Dataset/NeuroBioSense/Advertisement Categories/Food_and_Market_Subfolder/48/A09/SU/1.mp4,Food_and_Market_Subfolder,SU,6,6,52409,52415,1.4014
4e1f9dd39fc87cfefe00571618ed4f41,/content/drive/MyDrive/NeuroBioSense_Dataset/NeuroBioSense/Advertisement Categories/Food_and_Market_Subfolder/48/A06/A/1.mp4,Food_and_Market_Subfolder,A,1,4,101345,101351,1.5015
f9d792bfdaf12bdd3aba562bc6aa294e,/content/drive/MyDrive/NeuroBioSense_Dataset/NeuroBioSense/Advertisement Categories/Food_and_Market_Subfolder/48/A10/SU/IMG_2569.mp4,Food_and_Market_Subfolder,SU,6,4,139917,139923,1.5015
58394d67cd924f84f2534e6776032520,/content/drive/MyDrive/NeuroBioSense_Dataset/NeuroBioSense/Advertisement Categories/Food_and_Market_Subfolder/48/A10/N/IMG_2569_1.mp4,Food_and_Market_Subfolder,N,0,3,72869,72883,3.5035000000000003
9bb07e08aefc2a9dac964bc1361c7203,/content/drive/MyDrive/NeuroBioSense_Dataset/NeuroBioSense/Advertisement Categories/Food_and_Market_Subfolder/48/A08/J/1.mp4,Food_and_Market_Subfolder,J,4,6,76636,76643,1.7017
65d1955c846723f15028ab6eed8b7d81,/content/drive/MyDrive/NeuroBioSense_Dataset/NeuroBioSense/Advertisement Categories/Food_and_Market_Subfolder/48/A08/SU/1.mp4,Food_and_Market_Subfolder,SU,6,6,112366,112373,1.8685333333333334
f39cd80df95f6a75cb6518b8e07fb020,/content/drive/MyDrive/NeuroBioSense_Dataset/NeuroBioSense/Advertisement Categories/Food_and_Market_Subfolder/48/A04/J/1.mp4,Food_and_Market_Subfolder,J,4,4,121751,121757,1.4681333333333333
78a95af8f4f54160d81042194b4b7621,/content/drive/MyDrive/NeuroBioSense_Dataset/NeuroBioSense/Advertisement Categories/Food_and_Market_Subfolder/48/A04/SU/1.mp4,Food_and_Market_Subfolder,SU,6,4,115355,115361,1.4014
23895e8b72ffd8a353ab994d05d0934d,/content/drive/MyDrive/NeuroBioSense_Dataset/NeuroBioSense/Advertisement Categories/Food_and_Market_Subfolder/48/A01/SU/1.mp4,Food_and_Market_Subfolder,SU,6,6,81837,81845,1.9686333333333335
a5cf5a1eadc1016bcf54d8e61b161bcd,/content/drive/MyDrive/NeuroBioSense_Dataset/NeuroBioSense/Advertisement Categories/Food_and_Market_Subfolder/48/A03/SU/1.mp4,Food_and_Market_Subfolder,SU,6,6,48151,48156,1.1678333333333333
29dfae589ac7c0004e41749259782dd5,/content/drive/MyDrive/NeuroBioSense_Dataset/NeuroBioSense/Advertisement Categories/Food_and_Market_Subfolder/48/A02/J/1.mp4,Food_and_Market_Subfolder,J,4,6,99059,99065,1.5682333333333334
7fceeca5f43276cec9ac080153eb6f33,/content/drive/MyDrive/NeuroBioSense_Dataset/NeuroBioSense/Advertisement Categories/Food_and_Market_Subfolder/48/A02/SU/1.mp4,Food_and_Market_Subfolder,SU,6,6,43225,43231,1.4014
c277ea5ae716455750d7d5373b1b3222,/content/drive/MyDrive/NeuroBioSense_Dataset/NeuroBioSense/Advertisement Categories/Food_and_Market_Subfolder/48/A05/J/1.mp4,Food_and_Market_Subfolder,J,4,2,115096,115100,1.1011
0c689de62a2566451fea918592325c14,/content/drive/MyDrive/NeuroBioSense_Dataset/NeuroBioSense/Advertisement Categories/Food_and_Market_Subfolder/48/A05/SU/1.mp4,Food_and_Market_Subfolder,SU,6,4,120587,120593,1.4347666666666667
f5c7ddc130520f6b76a6ecca3e61f9a7,/content/drive/MyDrive/NeuroBioSense_Dataset/NeuroBioSense/Advertisement Categories/Food_and_Market_Subfolder/41/A07/SU/1.mp4,Food_and_Market_Subfolder,SU,6,2,6305,6315,2.469133333333333
897000ca90e1e89020971bccea2bf8d1,/content/drive/MyDrive/NeuroBioSense_Dataset/NeuroBioSense/Advertisement Categories/Food_and_Market_Subfolder/41/A08/N/1.mp4,Food_and_Market_Subfolder,N,0,0,117177,117189,2.9696333333333333
2685d9b6d39f2b36a673ff1d53776429,/content/drive/MyDrive/NeuroBioSense_Dataset/NeuroBioSense/Advertisement Categories/Food_and_Market_Subfolder/41/A06/D/1.mp4,Food_and_Market_Subfolder,D,2,3,109397,109407,2.5358666666666667
c7507737b6aab8a8db159a3b9fdc6c8d,/content/drive/MyDrive/NeuroBioSense_Dataset/NeuroBioSense/Advertisement Categories/Food_and_Market_Subfolder/41/A01/N/1.mp4,Food_and_Market_Subfolder,N,0,6,68459,68479,5.005
811bc5ad77e38dbf7b2cab6ccf598e3a,/content/drive/MyDrive/NeuroBioSense_Dataset/NeuroBioSense/Advertisement Categories/Food_and_Market_Subfolder/41/A09/A/1.mp4,Food_and_Market_Subfolder,A,1,4,104540,104553,3.336666666666667
a6ce67f46f3dcbe65f5d619337f0173c,/content/drive/MyDrive/NeuroBioSense_Dataset/NeuroBioSense/Advertisement Categories/Food_and_Market_Subfolder/41/A10/D/1.mp4,Food_and_Market_Subfolder,D,2,4,20907,20915,2.0687333333333333
0ed460fe2b6629e7c4a7c5d0ce255da4,/content/drive/MyDrive/NeuroBioSense_Dataset/NeuroBioSense/Advertisement Categories/Food_and_Market_Subfolder/41/A10/J/1.mp4,Food_and_Market_Subfolder,J,4,5,37134,37144,2.469133333333333
83f024b591163c88ac6c614680c4414d,/content/drive/MyDrive/NeuroBioSense_Dataset/NeuroBioSense/Advertisement Categories/Food_and_Market_Subfolder/41/A02/J/1.mp4,Food_and_Market_Subfolder,J,4,4,45641,45652,2.6693333333333333
831169cc1043c3dc166fee97fd14b0ec,/content/drive/MyDrive/NeuroBioSense_Dataset/NeuroBioSense/Advertisement Categories/Food_and_Market_Subfolder/41/A02/A/1.mp4,Food_and_Market_Subfolder,A,1,3,75678,75689,2.6359666666666666
a2755c0c988351d57ff4a79cc79cbf84,/content/drive/MyDrive/NeuroBioSense_Dataset/NeuroBioSense/Advertisement Categories/Food_and_Market_Subfolder/41/A02/SU/1.mp4,Food_and_Market_Subfolder,SU,6,4,54610,54614,0.33366666666666667
1576619a721bc7d47b4ecfbc5de5ee1c,/content/drive/MyDrive/NeuroBioSense_Dataset/NeuroBioSense/Advertisement Categories/Food_and_Market_Subfolder/41/A02/SA/1.mp4,Food_and_Market_Subfolder,SA,5,6,105233,105238,1.3346666666666667
d096e00fee8eadb6158f1fbf07c4c297,/content/drive/MyDrive/NeuroBioSense_Dataset/NeuroBioSense/Advertisement Categories/Food_and_Market_Subfolder/41/A05/D/1.mp4,Food_and_Market_Subfolder,D,2,0,134615,134628,3.1364666666666667
cffe75a1187f41af478fca9d68bd8d4d,/content/drive/MyDrive/NeuroBioSense_Dataset/NeuroBioSense/Advertisement Categories/Food_and_Market_Subfolder/41/A03/D/1.mp4,Food_and_Market_Subfolder,D,2,3,71984,71992,2.1021
bd7692e692026bac06d8d23ce48feaf3,/content/drive/MyDrive/NeuroBioSense_Dataset/NeuroBioSense/Advertisement Categories/Food_and_Market_Subfolder/41/A04/SA/1.mp4,Food_and_Market_Subfolder,SA,5,4,49390,49394,0.9342666666666667
a213730fbb1635c3d6ca185960fea917,/content/drive/MyDrive/NeuroBioSense_Dataset/NeuroBioSense/Advertisement Categories/Food_and_Market_Subfolder/41/A04/A/1.mp4,Food_and_Market_Subfolder,A,1,6,71389,71406,4.270933333333334
fe6a32b4cfef1c84efac71b26f49c8c4,/content/drive/MyDrive/NeuroBioSense_Dataset/NeuroBioSense/Advertisement Categories/Food_and_Market_Subfolder/39/A08/A/1.mp4,Food_and_Market_Subfolder,A,1,6,148024,148038,3.5702333333333334
a24b04cda87f5bd8c6a1bb4fa0a7f953,/content/drive/MyDrive/NeuroBioSense_Dataset/NeuroBioSense/Advertisement Categories/Food_and_Market_Subfolder/39/A04/SU/1.mp4,Food_and_Market_Subfolder,SU,6,4,42165,42181,3.9039
42312fc05cab5c6fb4898cec525dd40b,/content/drive/MyDrive/NeuroBioSense_Dataset/NeuroBioSense/Advertisement Categories/Food_and_Market_Subfolder/39/A04/J/1.mp4,Food_and_Market_Subfolder,J,4,6,24129,24139,2.435766666666667
332c9ffc7f4cb1b2a1b865c821d449c0,/content/drive/MyDrive/NeuroBioSense_Dataset/NeuroBioSense/Advertisement Categories/Food_and_Market_Subfolder/39/A06/J/1.mp4,Food_and_Market_Subfolder,J,4,5,33816,33826,2.469133333333333
daf121f0ab7c45f071142551b19e6494,/content/drive/MyDrive/NeuroBioSense_Dataset/NeuroBioSense/Advertisement Categories/Food_and_Market_Subfolder/39/A01/SU/1.mp4,Food_and_Market_Subfolder,SU,6,6,93811,93822,2.7027
a18db6bad572a4f57d8dbf5f82cfbf22,/content/drive/MyDrive/NeuroBioSense_Dataset/NeuroBioSense/Advertisement Categories/Food_and_Market_Subfolder/39/A01/J/1.mp4,Food_and_Market_Subfolder,J,4,4,34747,34759,3.1031
70b5f94317da27d803b5ea2153966733,/content/drive/MyDrive/NeuroBioSense_Dataset/NeuroBioSense/Advertisement Categories/Food_and_Market_Subfolder/39/A10/SU/2.mp4,Food_and_Market_Subfolder,SU,6,4,22616,22623,1.8018
ca338818d65251b47a5238aedc0a07cd,/content/drive/MyDrive/NeuroBioSense_Dataset/NeuroBioSense/Advertisement Categories/Food_and_Market_Subfolder/39/A10/SU/1.mp4,Food_and_Market_Subfolder,SU,6,6,104054,104064,2.5692333333333335
780e58797f2a79788deabbc2a61b8fa9,/content/drive/MyDrive/NeuroBioSense_Dataset/NeuroBioSense/Advertisement Categories/Food_and_Market_Subfolder/39/A07/SU/1.mp4,Food_and_Market_Subfolder,SU,6,6,54740,54755,3.7704333333333335
550f80e20933c618cb257e1ddeaec8e4,/content/drive/MyDrive/NeuroBioSense_Dataset/NeuroBioSense/Advertisement Categories/Food_and_Market_Subfolder/39/A09/J/1.mp4,Food_and_Market_Subfolder,J,4,6,1908,1921,3.2032000000000003
c7ef8083d562db04dea0cda0159358de,/content/drive/MyDrive/NeuroBioSense_Dataset/NeuroBioSense/Advertisement Categories/Food_and_Market_Subfolder/39/A09/A/1.mp4,Food_and_Market_Subfolder,A,1,0,136908,136921,3.3033
ceac1b6640564477d6ff538c256e4799,/content/drive/MyDrive/NeuroBioSense_Dataset/NeuroBioSense/Advertisement Categories/Food_and_Market_Subfolder/39/A09/SU/1.mp4,Food_and_Market_Subfolder,SU,6,6,93677,93691,3.6036
39817380ff31d8de2b6c06d76c17aec2,/content/drive/MyDrive/NeuroBioSense_Dataset/NeuroBioSense/Advertisement Categories/Food_and_Market_Subfolder/39/A05/SU/1.mp4,Food_and_Market_Subfolder,SU,6,2,140346,140356,2.469133333333333
c2f359960b64a3324f6e2ab1c8fcfd4c,/content/drive/MyDrive/NeuroBioSense_Dataset/NeuroBioSense/Advertisement Categories/Food_and_Market_Subfolder/39/A05/J/1.mp4,Food_and_Market_Subfolder,J,4,4,128393,128409,4.070733333333333
9038ee793db7a554f37a72e6117808e9,/content/drive/MyDrive/NeuroBioSense_Dataset/NeuroBioSense/Advertisement Categories/Food_and_Market_Subfolder/39/A02/J/1.mp4,Food_and_Market_Subfolder,J,4,6,29852,29866,3.5368666666666666
9baa9b09868bd05659c5562de46ec90e,/content/drive/MyDrive/NeuroBioSense_Dataset/NeuroBioSense/Advertisement Categories/Food_and_Market_Subfolder/39/A02/SU/2.mp4,Food_and_Market_Subfolder,SU,6,4,48479,48493,3.5702333333333334
78bcf251a433aa543a2694caeec9ad1f,/content/drive/MyDrive/NeuroBioSense_Dataset/NeuroBioSense/Advertisement Categories/Food_and_Market_Subfolder/39/A03/SU/3.mp4,Food_and_Market_Subfolder,SU,6,4,67918,67933,3.8371666666666666
40578708336b774c24162f445822bdc6,/content/drive/MyDrive/NeuroBioSense_Dataset/NeuroBioSense/Advertisement Categories/Food_and_Market_Subfolder/46/A09/J/1.mp4,Food_and_Market_Subfolder,J,4,2,36691,36700,2.3690333333333333
0347eeba42456cee8288c3b26934d3d0,/content/drive/MyDrive/NeuroBioSense_Dataset/NeuroBioSense/Advertisement Categories/Food_and_Market_Subfolder/46/A09/A/1.mp4,Food_and_Market_Subfolder,A,1,4,96072,96079,1.6683333333333334
e67d0114a9c0cc15e4fe1adfa85688a2,/content/drive/MyDrive/NeuroBioSense_Dataset/NeuroBioSense/Advertisement Categories/Food_and_Market_Subfolder/46/A07/J/1.mp4,Food_and_Market_Subfolder,J,4,3,67065,67080,3.7704333333333335
6ebbb4a607ba4814856b467522e6851a,/content/drive/MyDrive/NeuroBioSense_Dataset/NeuroBioSense/Advertisement Categories/Food_and_Market_Subfolder/46/A08/J/1.mp4,Food_and_Market_Subfolder,J,4,2,142849,142858,2.135466666666667
8811365afc5c4ccda66d66a340c7e235,/content/drive/MyDrive/NeuroBioSense_Dataset/NeuroBioSense/Advertisement Categories/Food_and_Market_Subfolder/46/A08/A/1.mp4,Food_and_Market_Subfolder,A,1,4,25023,25027,1.1011
62595b8d176d4c540f1b552fd797c10a,/content/drive/MyDrive/NeuroBioSense_Dataset/NeuroBioSense/Advertisement Categories/Food_and_Market_Subfolder/46/A06/A/1.mp4,Food_and_Market_Subfolder,A,1,4,53670,53680,2.5692333333333335
b2a8b5699424207466e967e3112d43f6,/content/drive/MyDrive/NeuroBioSense_Dataset/NeuroBioSense/Advertisement Categories/Food_and_Market_Subfolder/46/A10/A/1.mp4,Food_and_Market_Subfolder,A,1,6,78999,79004,1.3346666666666667
2d6df52accd40350c1bc1f62b3eff275,/content/drive/MyDrive/NeuroBioSense_Dataset/NeuroBioSense/Advertisement Categories/Food_and_Market_Subfolder/46/A01/N/1.mp4,Food_and_Market_Subfolder,N,0,6,76890,76909,4.738066666666667
962ad2867720a671f9f24efbf2774424,/content/drive/MyDrive/NeuroBioSense_Dataset/NeuroBioSense/Advertisement Categories/Food_and_Market_Subfolder/46/A01/J/1.mp4,Food_and_Market_Subfolder,J,4,4,53538,53549,2.736066666666667
e426ed357d1d938fdadf51592b3efc01,/content/drive/MyDrive/NeuroBioSense_Dataset/NeuroBioSense/Advertisement Categories/Food_and_Market_Subfolder/46/A04/A/1.mp4,Food_and_Market_Subfolder,A,1,4,41233,41249,4.037366666666666
b36925bc52cafb30d2431ea3fff6b300,/content/drive/MyDrive/NeuroBioSense_Dataset/NeuroBioSense/Advertisement Categories/Food_and_Market_Subfolder/46/A05/N/1.mp4,Food_and_Market_Subfolder,N,0,4,76240,76252,2.9362666666666666
ac2b7648b0fc01c9c13545bfd21a5498,/content/drive/MyDrive/NeuroBioSense_Dataset/NeuroBioSense/Advertisement Categories/Food_and_Market_Subfolder/46/A05/J/1.mp4,Food_and_Market_Subfolder,J,4,6,105231,105243,2.9696333333333333
6dc0ae236030b95b1ca1587343b95193,/content/drive/MyDrive/NeuroBioSense_Dataset/NeuroBioSense/Advertisement Categories/Food_and_Market_Subfolder/46/A02/J/1.mp4,Food_and_Market_Subfolder,J,4,4,11969,11990,5.171833333333334
dffc33ad44f9052343013916fee68935,/content/drive/MyDrive/NeuroBioSense_Dataset/NeuroBioSense/Advertisement Categories/Food_and_Market_Subfolder/46/A03/A/1.mp4,Food_and_Market_Subfolder,A,1,4,70338,70355,4.337666666666666
df493ea0bfbe74fc34f0f8e8420da797,/content/drive/MyDrive/NeuroBioSense_Dataset/NeuroBioSense/Advertisement Categories/Food_and_Market_Subfolder/46/A03/J/1.mp4,Food_and_Market_Subfolder,J,4,4,21812,21825,3.3033
f9cdc0fa5e7584449b83e48d8b2fcad8,/content/drive/MyDrive/NeuroBioSense_Dataset/NeuroBioSense/Advertisement Categories/Food_and_Market_Subfolder/47/A07/A/Sequence 01_1.mp4,Food_and_Market_Subfolder,A,1,0,141559,141578,4.838166666666667
ca8f46fc57d59e9d89dd21f4cc82141b,/content/drive/MyDrive/NeuroBioSense_Dataset/NeuroBioSense/Advertisement Categories/Food_and_Market_Subfolder/47/A02/J/Sequence 01.mp4,Food_and_Market_Subfolder,J,4,2,25528,25541,3.3033
b792cf3f35291ecf0f326b9f37258d70,/content/drive/MyDrive/NeuroBioSense_Dataset/NeuroBioSense/Advertisement Categories/Food_and_Market_Subfolder/47/A02/J/Sequence 01_2mp4.mp4,Food_and_Market_Subfolder,J,4,4,53800,53818,4.4044
3af09c166147e4c5c8237a1746126a7a,/content/drive/MyDrive/NeuroBioSense_Dataset/NeuroBioSense/Advertisement Categories/Food_and_Market_Subfolder/47/A03/J/Sequence 01_1.mp4,Food_and_Market_Subfolder,J,4,4,19653,19667,3.5035000000000003
4b1a41505cca669ac2b367f6e6356f0a,/content/drive/MyDrive/NeuroBioSense_Dataset/NeuroBioSense/Advertisement Categories/Food_and_Market_Subfolder/47/A03/J/Sequence 02.mp4,Food_and_Market_Subfolder,J,4,5,3818,3830,2.9696333333333333
46e4a7282ec4df0a82b007cb4bd61dad,/content/drive/MyDrive/NeuroBioSense_Dataset/NeuroBioSense/Advertisement Categories/Food_and_Market_Subfolder/47/A03/N/Sequence 01.mp4,Food_and_Market_Subfolder,N,0,6,60099,60105,1.4681333333333333
77c50600098bf55c71550e31e197adfe,/content/drive/MyDrive/NeuroBioSense_Dataset/NeuroBioSense/Advertisement Categories/Food_and_Market_Subfolder/47/A08/J/Sequence 01_1.mp4,Food_and_Market_Subfolder,J,4,3,112257,112264,1.8685333333333334
648e4a929ed37491d9a8fec204cc6cce,/content/drive/MyDrive/NeuroBioSense_Dataset/NeuroBioSense/Advertisement Categories/Food_and_Market_Subfolder/47/A08/N/Sequence 01.mp4,Food_and_Market_Subfolder,N,0,6,104054,104081,6.8735333333333335
b9d5f729a45569c0cc71afdce3f390e6,/content/drive/MyDrive/NeuroBioSense_Dataset/NeuroBioSense/Advertisement Categories/Food_and_Market_Subfolder/47/A01/A/Sequence 01.mp4,Food_and_Market_Subfolder,A,1,6,10929,10936,1.6683333333333334
ce7237cb84420e60ca9c3828176e6895,/content/drive/MyDrive/NeuroBioSense_Dataset/NeuroBioSense/Advertisement Categories/Food_and_Market_Subfolder/47/A01/J/Sequence 01_2.mp4,Food_and_Market_Subfolder,J,4,4,47999,48015,4.0040000000000004
66b216139d44f1e5d6e6df8f010f7007,/content/drive/MyDrive/NeuroBioSense_Dataset/NeuroBioSense/Advertisement Categories/Food_and_Market_Subfolder/47/A01/J/Sequence 01_1.mp4,Food_and_Market_Subfolder,J,4,3,60939,60946,1.8018
845b4b4d8e9cbca8d4e68c1903c6398d,/content/drive/MyDrive/NeuroBioSense_Dataset/NeuroBioSense/Advertisement Categories/Food_and_Market_Subfolder/47/A10/D/IMG_2558.mp4,Food_and_Market_Subfolder,D,2,4,57135,57144,2.2355666666666667
b4a2fbdea706314ab96f0d5263dcbf90,/content/drive/MyDrive/NeuroBioSense_Dataset/NeuroBioSense/Advertisement Categories/Food_and_Market_Subfolder/47/A10/SU/IMG_2558_1.mp4,Food_and_Market_Subfolder,SU,6,6,88405,88416,2.8695333333333335
034ab7c4ba3bac78d155a1486c72ecf5,/content/drive/MyDrive/NeuroBioSense_Dataset/NeuroBioSense/Advertisement Categories/Food_and_Market_Subfolder/47/A10/N/IMG_2558_1.mp4,Food_and_Market_Subfolder,N,0,3,75671,75680,2.2355666666666667
1d25df3d9e82d4620e4f641b209afcd0,/content/drive/MyDrive/NeuroBioSense_Dataset/NeuroBioSense/Advertisement Categories/Food_and_Market_Subfolder/47/A09/N/Sequence 01.mp4,Food_and_Market_Subfolder,N,0,4,40157,40174,4.137466666666667
c0e14078dde0a5f841b21fb00c396b65,/content/drive/MyDrive/NeuroBioSense_Dataset/NeuroBioSense/Advertisement Categories/Food_and_Market_Subfolder/47/A09/N/Sequence 01_2.mp4,Food_and_Market_Subfolder,N,0,6,77071,77080,2.2689333333333335
d61146d0484021a20a3bb85f46bdb427,/content/drive/MyDrive/NeuroBioSense_Dataset/NeuroBioSense/Advertisement Categories/Food_and_Market_Subfolder/47/A09/A/Sequence 01_1.mp4,Food_and_Market_Subfolder,A,1,4,4667,4687,5.071733333333333
7f5a38cd5d49918eaa7123f319cdc5ae,/content/drive/MyDrive/NeuroBioSense_Dataset/NeuroBioSense/Advertisement Categories/Food_and_Market_Subfolder/47/A06/N/Sequence 01.mp4,Food_and_Market_Subfolder,N,0,0,7390,7404,3.4034
6d0ae106885362c2107e3041f1b67c98,/content/drive/MyDrive/NeuroBioSense_Dataset/NeuroBioSense/Advertisement Categories/Food_and_Market_Subfolder/47/A06/N/Sequence 01_2.mp4,Food_and_Market_Subfolder,N,0,4,45099,45113,3.6036
9f8060f94778cf6c3155184e6bd3a3ad,/content/drive/MyDrive/NeuroBioSense_Dataset/NeuroBioSense/Advertisement Categories/Food_and_Market_Subfolder/47/A04/A/Sequence 01.mp4,Food_and_Market_Subfolder,A,1,5,30758,30764,1.5682333333333334
4393e2de65a7f8d6f5fec939e0e09613,/content/drive/MyDrive/NeuroBioSense_Dataset/NeuroBioSense/Advertisement Categories/Food_and_Market_Subfolder/47/A04/N/Sequence 01_1.mp4,Food_and_Market_Subfolder,N,0,6,60151,60159,2.0687333333333333
26585530769602d1d858e0ce97b46512,/content/drive/MyDrive/NeuroBioSense_Dataset/NeuroBioSense/Advertisement Categories/Food_and_Market_Subfolder/47/A04/J/Sequence 01.mp4,Food_and_Market_Subfolder,J,4,5,53035,53041,1.5348666666666666
63faf0ea0f6e7dcfb75576048dd16942,/content/drive/MyDrive/NeuroBioSense_Dataset/NeuroBioSense/Advertisement Categories/Food_and_Market_Subfolder/47/A04/SA/Sequence 01_1.mp4,Food_and_Market_Subfolder,SA,5,0,40476,40483,1.6349666666666667
9994ea80ececb74678cc1599b3440618,/content/drive/MyDrive/NeuroBioSense_Dataset/NeuroBioSense/Advertisement Categories/Food_and_Market_Subfolder/47/A04/D/Sequence 01_1.mp4,Food_and_Market_Subfolder,D,2,6,121920,121931,2.769433333333333
974cb44e75c24ecaa54665c670530a37,/content/drive/MyDrive/NeuroBioSense_Dataset/NeuroBioSense/Advertisement Categories/Food_and_Market_Subfolder/47/A05/N/Sequence 01.mp4,Food_and_Market_Subfolder,N,0,4,9614,9627,3.370033333333333
75a6735650f66d6611e397ed52f8f7d1,/content/drive/MyDrive/NeuroBioSense_Dataset/NeuroBioSense/Advertisement Categories/Food_and_Market_Subfolder/47/A05/N/Sequence 01_1.mp4,Food_and_Market_Subfolder,N,0,6,113393,113399,1.4014
5fc5548d913ede7c2d912a6b496b78c9,/content/drive/MyDrive/NeuroBioSense_Dataset/NeuroBioSense/Advertisement Categories/Food_and_Market_Subfolder/47/A05/J/Sequence 01.mp4,Food_and_Market_Subfolder,J,4,4,107358,107373,3.7370666666666668
069d68fc09f4e6723ba1d225c5f4503c,/content/drive/MyDrive/NeuroBioSense_Dataset/NeuroBioSense/Advertisement Categories/Food_and_Market_Subfolder/54/A04/N/1.mp4,Food_and_Market_Subfolder,N,0,6,9621,9820,49.6496
259ba3e46d63344d33589f76cfbea527,/content/drive/MyDrive/NeuroBioSense_Dataset/NeuroBioSense/Advertisement Categories/Food_and_Market_Subfolder/54/A10/N/1.mp4,Food_and_Market_Subfolder,N,0,6,107059,107133,18.6186
c4bf3bcb4d7677e875b2964ab91cde92,/content/drive/MyDrive/NeuroBioSense_Dataset/NeuroBioSense/Advertisement Categories/Food_and_Market_Subfolder/54/A08/D/1.mp4,Food_and_Market_Subfolder,D,2,4,20955,20962,1.8351666666666666
71f1374a3dd51d421ecb5e0b997acefb,/content/drive/MyDrive/NeuroBioSense_Dataset/NeuroBioSense/Advertisement Categories/Food_and_Market_Subfolder/54/A02/J/2.mp4,Food_and_Market_Subfolder,J,4,6,13436,13446,2.469133333333333
c24ffbe14838f3bf6c2d3ff628b27f04,/content/drive/MyDrive/NeuroBioSense_Dataset/NeuroBioSense/Advertisement Categories/Food_and_Market_Subfolder/54/A02/J/1.mp4,Food_and_Market_Subfolder,J,4,6,112488,112500,2.9696333333333333
c952db72309e9eda1f19e4038121f244,/content/drive/MyDrive/NeuroBioSense_Dataset/NeuroBioSense/Advertisement Categories/Food_and_Market_Subfolder/54/A01/J/1.mp4,Food_and_Market_Subfolder,J,4,4,98465,98470,1.3680333333333334
92f5150bfc26f368c69c6c0692adb654,/content/drive/MyDrive/NeuroBioSense_Dataset/NeuroBioSense/Advertisement Categories/Food_and_Market_Subfolder/54/A05/J/1.mp4,Food_and_Market_Subfolder,J,4,6,45270,45276,1.4681333333333333
f3bcf1ab73952fa93a8ec8e8bb6d35f7,/content/drive/MyDrive/NeuroBioSense_Dataset/NeuroBioSense/Advertisement Categories/Food_and_Market_Subfolder/54/A03/N/1.mp4,Food_and_Market_Subfolder,N,0,6,54658,54747,22.155466666666666
4bf8fd855f9f01aa490c7998d0dba7ee,/content/drive/MyDrive/NeuroBioSense_Dataset/NeuroBioSense/Advertisement Categories/Food_and_Market_Subfolder/54/A07/J/1.mp4,Food_and_Market_Subfolder,J,4,4,66929,66939,2.435766666666667
8bcca727a1c6004faa4aa517822ee5bd,/content/drive/MyDrive/NeuroBioSense_Dataset/NeuroBioSense/Advertisement Categories/Food_and_Market_Subfolder/43/A09/SU/1.mp4,Food_and_Market_Subfolder,SU,6,4,94646,94656,2.435766666666667
ba4e0584dc03f36b488cee6c2bba517c,/content/drive/MyDrive/NeuroBioSense_Dataset/NeuroBioSense/Advertisement Categories/Food_and_Market_Subfolder/43/A09/SU/2.mp4,Food_and_Market_Subfolder,SU,6,4,54098,54106,1.9686333333333335
ec0eab80b60d815b3f78def461453145,/content/drive/MyDrive/NeuroBioSense_Dataset/NeuroBioSense/Advertisement Categories/Food_and_Market_Subfolder/43/A09/A/1.mp4,Food_and_Market_Subfolder,A,1,5,119887,119894,1.7017
78864bad38a3b13b47a598781459503c,/content/drive/MyDrive/NeuroBioSense_Dataset/NeuroBioSense/Advertisement Categories/Food_and_Market_Subfolder/43/A09/D/1.mp4,Food_and_Market_Subfolder,D,2,1,145743,145751,1.9019
08a216b352a6763ea52eb79f80f7730c,/content/drive/MyDrive/NeuroBioSense_Dataset/NeuroBioSense/Advertisement Categories/Food_and_Market_Subfolder/43/A07/J/1.mp4,Food_and_Market_Subfolder,J,4,0,117999,118006,1.7017
3fd11e8c2570e4c23fbb40c08d6f5749,/content/drive/MyDrive/NeuroBioSense_Dataset/NeuroBioSense/Advertisement Categories/Food_and_Market_Subfolder/43/A07/SA/1.mp4,Food_and_Market_Subfolder,SA,5,4,37619,37629,2.6026000000000002
c893c90edb1c42ecdb5fac2696051290,/content/drive/MyDrive/NeuroBioSense_Dataset/NeuroBioSense/Advertisement Categories/Food_and_Market_Subfolder/43/A07/SA/2.mp4,Food_and_Market_Subfolder,SA,5,2,143125,143134,2.3023000000000002
d69e8766e8cacbcfc2ac57f6f89d7cf3,/content/drive/MyDrive/NeuroBioSense_Dataset/NeuroBioSense/Advertisement Categories/Food_and_Market_Subfolder/43/A07/SU/1.mp4,Food_and_Market_Subfolder,SU,6,3,72166,72175,2.135466666666667
630d7f8a10055e4348a915b0f3e3a9b4,/content/drive/MyDrive/NeuroBioSense_Dataset/NeuroBioSense/Advertisement Categories/Food_and_Market_Subfolder/43/A06/SA/1.mp4,Food_and_Market_Subfolder,SA,5,4,55396,55406,2.4024
42a17c3aba3f7ea957fdf63fd5bccf22,/content/drive/MyDrive/NeuroBioSense_Dataset/NeuroBioSense/Advertisement Categories/Food_and_Market_Subfolder/43/A06/J/1.mp4,Food_and_Market_Subfolder,J,4,6,102011,102024,3.336666666666667
84e82bfefda7f6de293d00b6143baffd,/content/drive/MyDrive/NeuroBioSense_Dataset/NeuroBioSense/Advertisement Categories/Food_and_Market_Subfolder/43/A01/J/1.mp4,Food_and_Market_Subfolder,J,4,1,145732,145746,3.4367666666666667
7f6b079931ef5ee435bb66d3230ecb7d,/content/drive/MyDrive/NeuroBioSense_Dataset/NeuroBioSense/Advertisement Categories/Food_and_Market_Subfolder/43/A01/J/3.mp4,Food_and_Market_Subfolder,J,4,5,17222,17235,3.2699333333333334
3b9c96faec2c19ca76f9693bbcbdbaf1,/content/drive/MyDrive/NeuroBioSense_Dataset/NeuroBioSense/Advertisement Categories/Food_and_Market_Subfolder/43/A01/J/2.mp4,Food_and_Market_Subfolder,J,4,5,49787,49802,3.8038
24fa274bb5a4185cb9d22656101f39fb,/content/drive/MyDrive/NeuroBioSense_Dataset/NeuroBioSense/Advertisement Categories/Food_and_Market_Subfolder/43/A04/A/1.mp4,Food_and_Market_Subfolder,A,1,6,148032,148045,3.336666666666667
e81e0c8b7837c731a13909612244a34a,/content/drive/MyDrive/NeuroBioSense_Dataset/NeuroBioSense/Advertisement Categories/Food_and_Market_Subfolder/43/A02/SU/1.mp4,Food_and_Market_Subfolder,SU,6,6,106455,106465,2.5025
0e9183ab1f5c20b7e7d5460353f6af20,/content/drive/MyDrive/NeuroBioSense_Dataset/NeuroBioSense/Advertisement Categories/Food_and_Market_Subfolder/43/A02/J/3.mp4,Food_and_Market_Subfolder,J,4,6,106767,106778,2.736066666666667
155b9d011bc25f7a4a60f09a1f76245f,/content/drive/MyDrive/NeuroBioSense_Dataset/NeuroBioSense/Advertisement Categories/Food_and_Market_Subfolder/43/A02/J/2.mp4,Food_and_Market_Subfolder,J,4,6,57749,57769,4.971633333333333
f76998fddec8d7d155167f4ddfdfd33f,/content/drive/MyDrive/NeuroBioSense_Dataset/NeuroBioSense/Advertisement Categories/Food_and_Market_Subfolder/43/A02/J/1.mp4,Food_and_Market_Subfolder,J,4,6,49232,49242,2.5692333333333335
0e240ab12184ec9e85ed0cff5d1d9d5a,/content/drive/MyDrive/NeuroBioSense_Dataset/NeuroBioSense/Advertisement Categories/Food_and_Market_Subfolder/43/A05/J/1.mp4,Food_and_Market_Subfolder,J,4,6,132592,132600,2.0020000000000002
b099051a5254579deb18e325463a8349,/content/drive/MyDrive/NeuroBioSense_Dataset/NeuroBioSense/Advertisement Categories/Food_and_Market_Subfolder/43/A03/D/2.mp4,Food_and_Market_Subfolder,D,2,4,106953,106962,2.2022
4eeb0971ddc17cf108828ff0f6c4f79c,/content/drive/MyDrive/NeuroBioSense_Dataset/NeuroBioSense/Advertisement Categories/Food_and_Market_Subfolder/43/A03/D/1.mp4,Food_and_Market_Subfolder,D,2,4,135123,135131,1.9352666666666667
58defa67adad25309523114b398642d7,/content/drive/MyDrive/NeuroBioSense_Dataset/NeuroBioSense/Advertisement Categories/Food_and_Market_Subfolder/43/A10/D/1.mp4,Food_and_Market_Subfolder,D,2,4,88688,88710,5.538866666666666
d15d20a8796beb9a63af670cbd390cb3,/content/drive/MyDrive/NeuroBioSense_Dataset/NeuroBioSense/Advertisement Categories/Food_and_Market_Subfolder/43/A08/SA/1.mp4,Food_and_Market_Subfolder,SA,5,4,47930,47943,3.2032000000000003
05ec71c776ff9add4b4f5ae1633cfdc2,/content/drive/MyDrive/NeuroBioSense_Dataset/NeuroBioSense/Advertisement Categories/Food_and_Market_Subfolder/43/A08/SU/1.mp4,Food_and_Market_Subfolder,SU,6,4,39865,39875,2.6026000000000002
2c20cb897f563de8ad072afd47c63f10,/content/drive/MyDrive/NeuroBioSense_Dataset/NeuroBioSense/Advertisement Categories/Food_and_Market_Subfolder/42/A07/D/1.mp4,Food_and_Market_Subfolder,D,2,4,144063,144068,1.2679333333333334
6ef40f547027208c9530727e4d702a7c,/content/drive/MyDrive/NeuroBioSense_Dataset/NeuroBioSense/Advertisement Categories/Food_and_Market_Subfolder/42/A07/SU/1.mp4,Food_and_Market_Subfolder,SU,6,0,120174,120178,0.8008000000000001
46a454d59922375f883ec9ef8cbbb9d8,/content/drive/MyDrive/NeuroBioSense_Dataset/NeuroBioSense/Advertisement Categories/Food_and_Market_Subfolder/42/A01/SU/1.mp4,Food_and_Market_Subfolder,SU,6,4,25723,25727,1.0343666666666667
60787521275002079521e4d35216e28a,/content/drive/MyDrive/NeuroBioSense_Dataset/NeuroBioSense/Advertisement Categories/Food_and_Market_Subfolder/42/A01/A/1.mp4,Food_and_Market_Subfolder,A,1,4,99908,99930,5.5055000000000005
2ec07124b09d1d3970a6cb3e71b7fba1,/content/drive/MyDrive/NeuroBioSense_Dataset/NeuroBioSense/Advertisement Categories/Food_and_Market_Subfolder/42/A08/D/1.mp4,Food_and_Market_Subfolder,D,2,0,141552,141559,1.8018
abec8149aa474a55d5a6c99600efde14,/content/drive/MyDrive/NeuroBioSense_Dataset/NeuroBioSense/Advertisement Categories/Food_and_Market_Subfolder/42/A09/SU/1.mp4,Food_and_Market_Subfolder,SU,6,4,83025,83037,3.036366666666667
23f0fdd1e0640fa41a6eac80be2fa8a3,/content/drive/MyDrive/NeuroBioSense_Dataset/NeuroBioSense/Advertisement Categories/Food_and_Market_Subfolder/42/A09/A/1.mp4,Food_and_Market_Subfolder,A,1,0,128902,128916,3.4367666666666667
61198e600737ecc6ba4421cd96890311,/content/drive/MyDrive/NeuroBioSense_Dataset/NeuroBioSense/Advertisement Categories/Food_and_Market_Subfolder/42/A09/D/1.mp4,Food_and_Market_Subfolder,D,2,4,34776,34785,2.168833333333333
7f8a6e33fa6814a2cbfc17e3344c975d,/content/drive/MyDrive/NeuroBioSense_Dataset/NeuroBioSense/Advertisement Categories/Food_and_Market_Subfolder/42/A10/D/1.mp4,Food_and_Market_Subfolder,D,2,4,79963,79967,0.8008000000000001
ad4d2582ca2519ce1e4ec5c8c733b3bd,/content/drive/MyDrive/NeuroBioSense_Dataset/NeuroBioSense/Advertisement Categories/Food_and_Market_Subfolder/42/A10/D/3.mp4,Food_and_Market_Subfolder,D,2,2,30174,30179,1.2679333333333334
cdbcda4a64007549b03bfcea78d8eb7a,/content/drive/MyDrive/NeuroBioSense_Dataset/NeuroBioSense/Advertisement Categories/Food_and_Market_Subfolder/42/A10/D/2.mp4,Food_and_Market_Subfolder,D,2,2,44780,44795,3.6703333333333332
574ee6c7bd795ab1f5c9c0158bc46727,/content/drive/MyDrive/NeuroBioSense_Dataset/NeuroBioSense/Advertisement Categories/Food_and_Market_Subfolder/42/A10/A/1.mp4,Food_and_Market_Subfolder,A,1,2,120446,120453,1.8351666666666666
a34c165bae48928811cc80084708a68c,/content/drive/MyDrive/NeuroBioSense_Dataset/NeuroBioSense/Advertisement Categories/Food_and_Market_Subfolder/42/A05/SU/2.mp4,Food_and_Market_Subfolder,SU,6,5,135810,135820,2.5692333333333335
a5d59c14cf0a953c3352599e1a5293ec,/content/drive/MyDrive/NeuroBioSense_Dataset/NeuroBioSense/Advertisement Categories/Food_and_Market_Subfolder/42/A05/SU/1.mp4,Food_and_Market_Subfolder,SU,6,6,4339,4348,2.2355666666666667
ffc7358cccf0ae0365fce95cdef8a565,/content/drive/MyDrive/NeuroBioSense_Dataset/NeuroBioSense/Advertisement Categories/Food_and_Market_Subfolder/42/A02/J/3.mp4,Food_and_Market_Subfolder,J,4,4,82806,82816,2.435766666666667
fa60f25ceedd820de48a8a0284e1e80c,/content/drive/MyDrive/NeuroBioSense_Dataset/NeuroBioSense/Advertisement Categories/Food_and_Market_Subfolder/42/A02/J/2.mp4,Food_and_Market_Subfolder,J,4,4,97933,97956,5.739066666666667
cc9d5091a7c9f6cc0a4a8c3a0fa33e88,/content/drive/MyDrive/NeuroBioSense_Dataset/NeuroBioSense/Advertisement Categories/Food_and_Market_Subfolder/42/A02/J/1.mp4,Food_and_Market_Subfolder,J,4,6,110487,110496,2.3690333333333333
6064d02a9acb80f811cf6ef470b05bdf,/content/drive/MyDrive/NeuroBioSense_Dataset/NeuroBioSense/Advertisement Categories/Food_and_Market_Subfolder/42/A02/SU/3.mp4,Food_and_Market_Subfolder,SU,6,6,65174,65191,4.270933333333334
b76409aac64c2be7bb5746d777bd16ba,/content/drive/MyDrive/NeuroBioSense_Dataset/NeuroBioSense/Advertisement Categories/Food_and_Market_Subfolder/42/A02/SU/2.mp4,Food_and_Market_Subfolder,SU,6,2,122121,122129,2.0020000000000002
c3f8014d77d4e327e00e1352dc353359,/content/drive/MyDrive/NeuroBioSense_Dataset/NeuroBioSense/Advertisement Categories/Food_and_Market_Subfolder/42/A02/SU/1.mp4,Food_and_Market_Subfolder,SU,6,6,96768,96779,2.7027
787d9edc30cb510c3c8889d39df46961,/content/drive/MyDrive/NeuroBioSense_Dataset/NeuroBioSense/Advertisement Categories/Food_and_Market_Subfolder/42/A06/SU/1.mp4,Food_and_Market_Subfolder,SU,6,4,75982,75986,0.9009
9f599229eb645cc5b2b2a65fc52925da,/content/drive/MyDrive/NeuroBioSense_Dataset/NeuroBioSense/Advertisement Categories/Food_and_Market_Subfolder/42/A06/A/1.mp4,Food_and_Market_Subfolder,A,1,6,49274,49290,3.9706333333333332
8b0aa8320d9283b3076bfd8408ae4fa7,/content/drive/MyDrive/NeuroBioSense_Dataset/NeuroBioSense/Advertisement Categories/Food_and_Market_Subfolder/42/A03/D/1.mp4,Food_and_Market_Subfolder,D,2,4,112019,112023,0.9342666666666667
c5c96f134f1b4d39e5fb2ce0f113ffb2,/content/drive/MyDrive/NeuroBioSense_Dataset/NeuroBioSense/Advertisement Categories/Food_and_Market_Subfolder/42/A03/A/1.mp4,Food_and_Market_Subfolder,A,1,4,43042,43057,3.7704333333333335
25f2b9058af971425f74fee93aa90135,/content/drive/MyDrive/NeuroBioSense_Dataset/NeuroBioSense/Advertisement Categories/Food_and_Market_Subfolder/42/A04/J/1.mp4,Food_and_Market_Subfolder,J,4,6,71812,71830,4.6046000000000005
6f9b8a406f53d47be2fbf99ffcd49606,/content/drive/MyDrive/NeuroBioSense_Dataset/NeuroBioSense/Advertisement Categories/Food_and_Market_Subfolder/42/A04/SU/1.mp4,Food_and_Market_Subfolder,SU,6,3,57833,57837,0.8675333333333334
290a43deb67fef75d0f2741fa597f8ac,/content/drive/MyDrive/NeuroBioSense_Dataset/NeuroBioSense/Advertisement Categories/Food_and_Market_Subfolder/42/A04/A/1.mp4,Food_and_Market_Subfolder,A,1,4,106277,106304,6.740066666666666
0fc950199f1467c3daca6d5c67719123,/content/drive/MyDrive/NeuroBioSense_Dataset/NeuroBioSense/Advertisement Categories/Food_and_Market_Subfolder/52/A01/SU/1.mp4,Food_and_Market_Subfolder,SU,6,4,84854,84861,1.6349666666666667
464eccce3ea4743fbba45dcdde1786b7,/content/drive/MyDrive/NeuroBioSense_Dataset/NeuroBioSense/Advertisement Categories/Food_and_Market_Subfolder/52/A01/J/2.mp4,Food_and_Market_Subfolder,J,4,6,63172,63186,3.5702333333333334
85cbbd6f9436949d90e28f07cd56dd22,/content/drive/MyDrive/NeuroBioSense_Dataset/NeuroBioSense/Advertisement Categories/Food_and_Market_Subfolder/52/A01/J/1.mp4,Food_and_Market_Subfolder,J,4,6,1829,1838,2.3356666666666666
9f6c4ec5eac58c6a9fa07f4c4579427b,/content/drive/MyDrive/NeuroBioSense_Dataset/NeuroBioSense/Advertisement Categories/Food_and_Market_Subfolder/52/A07/SA/2.mp4,Food_and_Market_Subfolder,SA,5,4,37851,37857,1.5682333333333334
a6a2d1ca21b2668766057f4b82acf6b9,/content/drive/MyDrive/NeuroBioSense_Dataset/NeuroBioSense/Advertisement Categories/Food_and_Market_Subfolder/52/A07/SA/1.mp4,Food_and_Market_Subfolder,SA,5,6,51853,51862,2.2689333333333335
bcde4ab8ba48df6abaaa90564c0afbac,/content/drive/MyDrive/NeuroBioSense_Dataset/NeuroBioSense/Advertisement Categories/Food_and_Market_Subfolder/52/A07/SU/1.mp4,Food_and_Market_Subfolder,SU,6,4,36294,36310,3.937266666666667
05a5d53c4f1df7ba6d02abde7829bc88,/content/drive/MyDrive/NeuroBioSense_Dataset/NeuroBioSense/Advertisement Categories/Food_and_Market_Subfolder/52/A10/F/1.mp4,Food_and_Market_Subfolder,F,3,6,25252,25257,1.2012
91283dd5cc85f83113adbc207714dd54,/content/drive/MyDrive/NeuroBioSense_Dataset/NeuroBioSense/Advertisement Categories/Food_and_Market_Subfolder/52/A09/SU/3.mp4,Food_and_Market_Subfolder,SU,6,4,8163,8169,1.5015
69280b860f6714771f440727e23796d0,/content/drive/MyDrive/NeuroBioSense_Dataset/NeuroBioSense/Advertisement Categories/Food_and_Market_Subfolder/52/A09/SU/2.mp4,Food_and_Market_Subfolder,SU,6,4,111919,111927,2.0020000000000002
1ad230b8824855270f5282b0d1bd768e,/content/drive/MyDrive/NeuroBioSense_Dataset/NeuroBioSense/Advertisement Categories/Food_and_Market_Subfolder/52/A09/SU/1.mp4,Food_and_Market_Subfolder,SU,6,4,14424,14437,3.1698333333333335
fb5c8079a9992f1a842b0bb5575bfe50,/content/drive/MyDrive/NeuroBioSense_Dataset/NeuroBioSense/Advertisement Categories/Food_and_Market_Subfolder/52/A09/F/1.mp4,Food_and_Market_Subfolder,F,3,4,3507,3515,2.0353666666666665
06b34b57edc46be54a7770c4cfe2ed06,/content/drive/MyDrive/NeuroBioSense_Dataset/NeuroBioSense/Advertisement Categories/Food_and_Market_Subfolder/52/A04/SU/1.mp4,Food_and_Market_Subfolder,SU,6,6,5002,5016,3.4367666666666667
c7a9e8a9fa32c1a38906a2c844eec144,/content/drive/MyDrive/NeuroBioSense_Dataset/NeuroBioSense/Advertisement Categories/Food_and_Market_Subfolder/52/A04/D/1.mp4,Food_and_Market_Subfolder,D,2,6,65205,65215,2.4024
317a6c6cbc20ed9d4ae065efe3de0321,/content/drive/MyDrive/NeuroBioSense_Dataset/NeuroBioSense/Advertisement Categories/Food_and_Market_Subfolder/52/A04/D/2.mp4,Food_and_Market_Subfolder,D,2,6,95234,95245,2.6359666666666666
d1d9eabe094177481c41e834076bdc16,/content/drive/MyDrive/NeuroBioSense_Dataset/NeuroBioSense/Advertisement Categories/Food_and_Market_Subfolder/52/A04/A/1.mp4,Food_and_Market_Subfolder,A,1,0,34221,34234,3.1698333333333335
5d2c1d13066eb56a096f3a41facbd269,/content/drive/MyDrive/NeuroBioSense_Dataset/NeuroBioSense/Advertisement Categories/Food_and_Market_Subfolder/52/A03/SA/1.mp4,Food_and_Market_Subfolder,SA,5,4,3447,3462,3.7370666666666668
69ffd363a84c7f51deec9ecf9b16d270,/content/drive/MyDrive/NeuroBioSense_Dataset/NeuroBioSense/Advertisement Categories/Food_and_Market_Subfolder/52/A03/D/1.mp4,Food_and_Market_Subfolder,D,2,4,79142,79159,4.337666666666666
6591063d0db0c7ac8a5be2e9ece25333,/content/drive/MyDrive/NeuroBioSense_Dataset/NeuroBioSense/Advertisement Categories/Food_and_Market_Subfolder/52/A06/SU/2.mp4,Food_and_Market_Subfolder,SU,6,3,74764,74770,1.4014
7674deadcc7120ec628183794aa1dd0b,/content/drive/MyDrive/NeuroBioSense_Dataset/NeuroBioSense/Advertisement Categories/Food_and_Market_Subfolder/52/A06/SU/1.mp4,Food_and_Market_Subfolder,SU,6,4,31069,31078,2.135466666666667
b29de3062186f5d34d493f965b8a776e,/content/drive/MyDrive/NeuroBioSense_Dataset/NeuroBioSense/Advertisement Categories/Food_and_Market_Subfolder/52/A06/SA/1.mp4,Food_and_Market_Subfolder,SA,5,4,20290,20298,2.1021
30acc9b74050570df358f1b52fe34c77,/content/drive/MyDrive/NeuroBioSense_Dataset/NeuroBioSense/Advertisement Categories/Food_and_Market_Subfolder/52/A06/A/1.mp4,Food_and_Market_Subfolder,A,1,2,23047,23058,2.7027
8b76a822f911df474fa49f58c86b1d17,/content/drive/MyDrive/NeuroBioSense_Dataset/NeuroBioSense/Advertisement Categories/Food_and_Market_Subfolder/52/A08/SA/1.mp4,Food_and_Market_Subfolder,SA,5,4,64028,64036,2.0353666666666665
9cd32751fe8a5286bd527310b436bb02,/content/drive/MyDrive/NeuroBioSense_Dataset/NeuroBioSense/Advertisement Categories/Food_and_Market_Subfolder/52/A08/A/1.mp4,Food_and_Market_Subfolder,A,1,4,58987,58995,2.1021
6488514cb04afb0b932e2daa0097f975,/content/drive/MyDrive/NeuroBioSense_Dataset/NeuroBioSense/Advertisement Categories/Food_and_Market_Subfolder/52/A02/J/1.mp4,Food_and_Market_Subfolder,J,4,5,30660,30674,3.5035000000000003
45ee084091e44347dfba5b611a48b98c,/content/drive/MyDrive/NeuroBioSense_Dataset/NeuroBioSense/Advertisement Categories/Food_and_Market_Subfolder/52/A02/J/2.mp4,Food_and_Market_Subfolder,J,4,0,142806,142812,1.4681333333333333
ce00a735d9b00e8713fbaf524e6a5f74,/content/drive/MyDrive/NeuroBioSense_Dataset/NeuroBioSense/Advertisement Categories/Food_and_Market_Subfolder/52/A02/SU/2.mp4,Food_and_Market_Subfolder,SU,6,0,141306,141314,2.0687333333333333
40be15dc6952cb8a415cc4bfca8922a4,/content/drive/MyDrive/NeuroBioSense_Dataset/NeuroBioSense/Advertisement Categories/Food_and_Market_Subfolder/52/A05/SU/2.mp4,Food_and_Market_Subfolder,SU,6,6,105636,105658,5.5055000000000005
da4a10f0207a81bc0f923847fc4d2f4c,/content/drive/MyDrive/NeuroBioSense_Dataset/NeuroBioSense/Advertisement Categories/Food_and_Market_Subfolder/52/A05/SU/3.mp4,Food_and_Market_Subfolder,SU,6,6,65386,65398,2.9029000000000003
ab1e0d7df02f38399d7e23d2f1f671cb,/content/drive/MyDrive/NeuroBioSense_Dataset/NeuroBioSense/Advertisement Categories/Food_and_Market_Subfolder/52/A05/SU/1.mp4,Food_and_Market_Subfolder,SU,6,3,72183,72188,1.3013000000000001
e7130592303abad363d413154e8d518b,/content/drive/MyDrive/NeuroBioSense_Dataset/NeuroBioSense/Advertisement Categories/Food_and_Market_Subfolder/52/A05/D/1.mp4,Food_and_Market_Subfolder,D,2,6,110343,110355,3.069733333333333
17956213dd36e0f1dd8d227c3cd1fe74,/content/drive/MyDrive/NeuroBioSense_Dataset/NeuroBioSense/Advertisement Categories/Food_and_Market_Subfolder/52/A05/J/2.mp4,Food_and_Market_Subfolder,J,4,4,99806,99814,2.0687333333333333
120ea4405f6bf6b3d70ad2071d172a3c,/content/drive/MyDrive/NeuroBioSense_Dataset/NeuroBioSense/Advertisement Categories/Food_and_Market_Subfolder/52/A05/J/1.mp4,Food_and_Market_Subfolder,J,4,0,124819,124826,1.8351666666666666
08c98fb39ece696cc0df46622e7cba83,/content/drive/MyDrive/NeuroBioSense_Dataset/NeuroBioSense/Advertisement Categories/Food_and_Market_Subfolder/44/A07/A/1.mp4,Food_and_Market_Subfolder,A,1,4,42976,42990,3.6036
d8e2a24eab2a7c112a0804fe323befbf,/content/drive/MyDrive/NeuroBioSense_Dataset/NeuroBioSense/Advertisement Categories/Food_and_Market_Subfolder/44/A09/F/1.mp4,Food_and_Market_Subfolder,F,3,4,56982,56996,3.4367666666666667
6e6259f94f956915ccca632d47f99d17,/content/drive/MyDrive/NeuroBioSense_Dataset/NeuroBioSense/Advertisement Categories/Food_and_Market_Subfolder/44/A09/A/1.mp4,Food_and_Market_Subfolder,A,1,4,77228,77236,1.9686333333333335
d8cb3cb80e87aee4f795f3f739c15204,/content/drive/MyDrive/NeuroBioSense_Dataset/NeuroBioSense/Advertisement Categories/Food_and_Market_Subfolder/44/A09/D/1.mp4,Food_and_Market_Subfolder,D,2,6,93762,93776,3.4367666666666667
54221c390683dbd78ee37e19ea33491a,/content/drive/MyDrive/NeuroBioSense_Dataset/NeuroBioSense/Advertisement Categories/Food_and_Market_Subfolder/44/A01/SU/4.mp4,Food_and_Market_Subfolder,SU,6,3,69938,69948,2.435766666666667
763ab7f8d2ba03947646d7920e6cb35c,/content/drive/MyDrive/NeuroBioSense_Dataset/NeuroBioSense/Advertisement Categories/Food_and_Market_Subfolder/44/A01/SU/1.mp4,Food_and_Market_Subfolder,SU,6,4,63577,63582,1.3680333333333334
015bece60f21f3ee2d50291ef2c8297e,/content/drive/MyDrive/NeuroBioSense_Dataset/NeuroBioSense/Advertisement Categories/Food_and_Market_Subfolder/44/A01/SU/2.mp4,Food_and_Market_Subfolder,SU,6,0,39471,39493,5.572233333333333
01daf08cc17094394014bf3f0a891e50,/content/drive/MyDrive/NeuroBioSense_Dataset/NeuroBioSense/Advertisement Categories/Food_and_Market_Subfolder/44/A01/SU/3.mp4,Food_and_Market_Subfolder,SU,6,3,83543,83553,2.435766666666667
9d480129375c8eb819d73c179cf25411,/content/drive/MyDrive/NeuroBioSense_Dataset/NeuroBioSense/Advertisement Categories/Food_and_Market_Subfolder/44/A01/J/1.mp4,Food_and_Market_Subfolder,J,4,4,116394,116398,0.9676333333333333
0d8363de7376c6f7a9a4989e11288ef2,/content/drive/MyDrive/NeuroBioSense_Dataset/NeuroBioSense/Advertisement Categories/Food_and_Market_Subfolder/44/A06/SA/1.mp4,Food_and_Market_Subfolder,SA,5,6,148260,148270,2.469133333333333
cb4016c49db885e3d364f473fd59f041,/content/drive/MyDrive/NeuroBioSense_Dataset/NeuroBioSense/Advertisement Categories/Food_and_Market_Subfolder/44/A03/D/1.mp4,Food_and_Market_Subfolder,D,2,0,136539,136550,2.8361666666666667
6dbaceb844ae3933b0dc45af9d8ec1d8,/content/drive/MyDrive/NeuroBioSense_Dataset/NeuroBioSense/Advertisement Categories/Food_and_Market_Subfolder/44/A03/F/1.mp4,Food_and_Market_Subfolder,F,3,4,113046,113054,1.9352666666666667
3e603bb27e5a0f11f699194ab3ed37e5,/content/drive/MyDrive/NeuroBioSense_Dataset/NeuroBioSense/Advertisement Categories/Food_and_Market_Subfolder/44/A10/F/1.mp4,Food_and_Market_Subfolder,F,3,0,136770,136779,2.168833333333333
2b48b4ed66339be0f1d72aa1db613c9e,/content/drive/MyDrive/NeuroBioSense_Dataset/NeuroBioSense/Advertisement Categories/Food_and_Market_Subfolder/44/A10/A/1.mp4,Food_and_Market_Subfolder,A,1,3,97475,97490,3.7037
0ade4af1a92732625b612eadd0627e8c,/content/drive/MyDrive/NeuroBioSense_Dataset/NeuroBioSense/Advertisement Categories/Food_and_Market_Subfolder/44/A04/J/1.mp4,Food_and_Market_Subfolder,J,4,4,131049,131066,4.170833333333333
c72edf48afcc31a3dd4f68c9b4e9ef90,/content/drive/MyDrive/NeuroBioSense_Dataset/NeuroBioSense/Advertisement Categories/Food_and_Market_Subfolder/44/A04/J/2.mp4,Food_and_Market_Subfolder,J,4,4,17570,17581,2.736066666666667
4152610239d8e20ee6899af05dec93a2,/content/drive/MyDrive/NeuroBioSense_Dataset/NeuroBioSense/Advertisement Categories/Food_and_Market_Subfolder/44/A04/J/3.mp4,Food_and_Market_Subfolder,J,4,6,5028,5046,4.437766666666667
bc67b32d26e9a1143d0b3ada78ef7204,/content/drive/MyDrive/NeuroBioSense_Dataset/NeuroBioSense/Advertisement Categories/Food_and_Market_Subfolder/44/A05/F/1.mp4,Food_and_Market_Subfolder,F,3,4,137078,137089,2.8028
78548076f3f1093658b6813301694129,/content/drive/MyDrive/NeuroBioSense_Dataset/NeuroBioSense/Advertisement Categories/Food_and_Market_Subfolder/44/A05/SU/1.mp4,Food_and_Market_Subfolder,SU,6,6,57276,57284,2.0020000000000002
78d1ca426fcaf82544fe0a1d5140ffc4,/content/drive/MyDrive/NeuroBioSense_Dataset/NeuroBioSense/Advertisement Categories/Food_and_Market_Subfolder/44/A05/A/1.mp4,Food_and_Market_Subfolder,A,1,6,36218,36229,2.6693333333333333
e8521fc14c4558fe82428de32bfabcaa,/content/drive/MyDrive/NeuroBioSense_Dataset/NeuroBioSense/Advertisement Categories/Food_and_Market_Subfolder/44/A08/F/1.mp4,Food_and_Market_Subfolder,F,3,4,76000,76007,1.8018
8d1b294b49e95eaf0def0976a457ffc8,/content/drive/MyDrive/NeuroBioSense_Dataset/NeuroBioSense/Advertisement Categories/Food_and_Market_Subfolder/44/A02/J/1.mp4,Food_and_Market_Subfolder,J,4,0,20605,20613,1.9686333333333335
0d4815b597b7b57539a24151f0e618c6,/content/drive/MyDrive/NeuroBioSense_Dataset/NeuroBioSense/Advertisement Categories/Food_and_Market_Subfolder/44/A02/J/3.mp4,Food_and_Market_Subfolder,J,4,6,147027,147035,2.1021
795e8b0ca57c2c93abb439ca2dd1b76c,/content/drive/MyDrive/NeuroBioSense_Dataset/NeuroBioSense/Advertisement Categories/Food_and_Market_Subfolder/44/A02/J/4.mp4,Food_and_Market_Subfolder,J,4,0,126285,126313,6.940266666666667
cf969760b64509ae2aa24393865a47d9,/content/drive/MyDrive/NeuroBioSense_Dataset/NeuroBioSense/Advertisement Categories/Food_and_Market_Subfolder/44/A02/J/2.mp4,Food_and_Market_Subfolder,J,4,1,55973,55987,3.4034
5a2025e232a4ed7a9e55eec621bb4634,/content/drive/MyDrive/NeuroBioSense_Dataset/NeuroBioSense/Advertisement Categories/Food_and_Market_Subfolder/45/A07/A/1.mp4,Food_and_Market_Subfolder,A,1,1,8364,8373,2.2022
347d4ec33fc7568ceb1fe3e06c1774d3,/content/drive/MyDrive/NeuroBioSense_Dataset/NeuroBioSense/Advertisement Categories/Food_and_Market_Subfolder/45/A07/SA/1.mp4,Food_and_Market_Subfolder,SA,5,0,129754,129763,2.3690333333333333
cd13a3fe4feb5e10fc8ce8539ec4f1a3,/content/drive/MyDrive/NeuroBioSense_Dataset/NeuroBioSense/Advertisement Categories/Food_and_Market_Subfolder/45/A01/J/2.mp4,Food_and_Market_Subfolder,J,4,0,138636,138643,1.8018
3d0071999f77eb4af7403a0b5d991eb3,/content/drive/MyDrive/NeuroBioSense_Dataset/NeuroBioSense/Advertisement Categories/Food_and_Market_Subfolder/45/A01/J/1.mp4,Food_and_Market_Subfolder,J,4,4,84799,84809,2.5692333333333335
fe2aad1dc813455ecf09010aaab23a69,/content/drive/MyDrive/NeuroBioSense_Dataset/NeuroBioSense/Advertisement Categories/Food_and_Market_Subfolder/45/A06/J/2.mp4,Food_and_Market_Subfolder,J,4,3,75674,75683,2.2022
6f72996efd4880129ef1d921ef6da67c,/content/drive/MyDrive/NeuroBioSense_Dataset/NeuroBioSense/Advertisement Categories/Food_and_Market_Subfolder/45/A06/J/1.mp4,Food_and_Market_Subfolder,J,4,5,133949,133953,1.1011
f2c620492fe51c34aaa7590c27b73425,/content/drive/MyDrive/NeuroBioSense_Dataset/NeuroBioSense/Advertisement Categories/Food_and_Market_Subfolder/45/A06/A/1.mp4,Food_and_Market_Subfolder,A,1,6,45184,45194,2.6026000000000002
7cefdcb20ae9ec0f48653ff7791def54,/content/drive/MyDrive/NeuroBioSense_Dataset/NeuroBioSense/Advertisement Categories/Food_and_Market_Subfolder/45/A08/D/2.mp4,Food_and_Market_Subfolder,D,2,4,98513,98520,1.7684333333333333
39d95cd9c79faf36f3130a60f672a7b9,/content/drive/MyDrive/NeuroBioSense_Dataset/NeuroBioSense/Advertisement Categories/Food_and_Market_Subfolder/45/A08/D/3.mp4,Food_and_Market_Subfolder,D,2,6,42240,42246,1.6016000000000001
d4b044775f77cf07c0ba0931a005f0a5,/content/drive/MyDrive/NeuroBioSense_Dataset/NeuroBioSense/Advertisement Categories/Food_and_Market_Subfolder/45/A08/D/1.mp4,Food_and_Market_Subfolder,D,2,4,93922,93929,1.6683333333333334
f55fffcd0b47180e6cf0bee404ae0ddd,/content/drive/MyDrive/NeuroBioSense_Dataset/NeuroBioSense/Advertisement Categories/Food_and_Market_Subfolder/45/A09/A/1.mp4,Food_and_Market_Subfolder,A,1,6,102106,102119,3.1698333333333335
9b97038b0732fb722faca0925f0557a5,/content/drive/MyDrive/NeuroBioSense_Dataset/NeuroBioSense/Advertisement Categories/Food_and_Market_Subfolder/45/A09/A/2.mp4,Food_and_Market_Subfolder,A,1,6,88167,88174,1.7684333333333333
ca989037a79f42c95dd287fc51aec132,/content/drive/MyDrive/NeuroBioSense_Dataset/NeuroBioSense/Advertisement Categories/Food_and_Market_Subfolder/45/A10/D/1.mp4,Food_and_Market_Subfolder,D,2,0,20596,20613,4.3043000000000005
217c3e7452069296517e9ef6b6c0929c,/content/drive/MyDrive/NeuroBioSense_Dataset/NeuroBioSense/Advertisement Categories/Food_and_Market_Subfolder/45/A04/D/1.mp4,Food_and_Market_Subfolder,D,2,4,81578,81587,2.3690333333333333
69f7eafaca99ebc35c82b2d98da328b6,/content/drive/MyDrive/NeuroBioSense_Dataset/NeuroBioSense/Advertisement Categories/Food_and_Market_Subfolder/45/A04/J/1.mp4,Food_and_Market_Subfolder,J,4,4,47346,47355,2.3356666666666666
154ad39e8651f69864a07ba38a11586c,/content/drive/MyDrive/NeuroBioSense_Dataset/NeuroBioSense/Advertisement Categories/Food_and_Market_Subfolder/45/A02/SU/1.mp4,Food_and_Market_Subfolder,SU,6,4,57490,57498,2.0353666666666665
c05b1ebf9fd77f435d081a511a215d8d,/content/drive/MyDrive/NeuroBioSense_Dataset/NeuroBioSense/Advertisement Categories/Food_and_Market_Subfolder/45/A02/SU/2.mp4,Food_and_Market_Subfolder,SU,6,0,690,701,2.7027
f1732abc772bc4877f6d9278077f9145,/content/drive/MyDrive/NeuroBioSense_Dataset/NeuroBioSense/Advertisement Categories/Food_and_Market_Subfolder/45/A02/J/2.mp4,Food_and_Market_Subfolder,J,4,5,52843,52854,2.6359666666666666
1064a6f2e986c4975491cbde586782d5,/content/drive/MyDrive/NeuroBioSense_Dataset/NeuroBioSense/Advertisement Categories/Food_and_Market_Subfolder/45/A02/J/1.mp4,Food_and_Market_Subfolder,J,4,4,133658,133668,2.5358666666666667
a50e40e8bb34ac4140027c9a2c857bde,/content/drive/MyDrive/NeuroBioSense_Dataset/NeuroBioSense/Advertisement Categories/Food_and_Market_Subfolder/45/A03/J/1.mp4,Food_and_Market_Subfolder,J,4,4,109143,109153,2.4024
ec1b037e0d1f07280f3cf10864a817a1,/content/drive/MyDrive/NeuroBioSense_Dataset/NeuroBioSense/Advertisement Categories/Food_and_Market_Subfolder/45/A05/J/1.mp4,Food_and_Market_Subfolder,J,4,0,136539,136544,1.3680333333333334
c28a7b4b5af4b26c1895d33df7e96de8,/content/drive/MyDrive/NeuroBioSense_Dataset/NeuroBioSense/Advertisement Categories/Food_and_Market_Subfolder/45/A05/SU/2.mp4,Food_and_Market_Subfolder,SU,6,6,64858,64865,1.7684333333333333
9fd0874b778455011c2580733e291e46,/content/drive/MyDrive/NeuroBioSense_Dataset/NeuroBioSense/Advertisement Categories/Food_and_Market_Subfolder/45/A05/SU/1.mp4,Food_and_Market_Subfolder,SU,6,4,41719,41738,4.671333333333333
41321a55800ceaa56383603fbe9ddd07,/content/drive/MyDrive/NeuroBioSense_Dataset/NeuroBioSense/Advertisement Categories/Food_and_Market_Subfolder/58/A01/J/2.mp4,Food_and_Market_Subfolder,J,4,0,12861,12872,2.8333333333333335
fc97fbbd20120e2ec85b85a72376799a,/content/drive/MyDrive/NeuroBioSense_Dataset/NeuroBioSense/Advertisement Categories/Food_and_Market_Subfolder/58/A01/J/1.mp4,Food_and_Market_Subfolder,J,4,4,131604,131614,2.566666666666667
8f73eef0b5dc0c15eb56eb64ca3aa86e,/content/drive/MyDrive/NeuroBioSense_Dataset/NeuroBioSense/Advertisement Categories/Food_and_Market_Subfolder/58/A01/SU/1.mp4,Food_and_Market_Subfolder,SU,6,1,31874,31884,2.466666666666667
ce5d97dd255fcced8d950ece4eaf7225,/content/drive/MyDrive/NeuroBioSense_Dataset/NeuroBioSense/Advertisement Categories/Food_and_Market_Subfolder/58/A01/SU/2.mp4,Food_and_Market_Subfolder,SU,6,4,47710,47716,1.5333333333333334
917f54f5d08ccc4ccf5b78e7dbb04353,/content/drive/MyDrive/NeuroBioSense_Dataset/NeuroBioSense/Advertisement Categories/Food_and_Market_Subfolder/58/A07/SA/1.mp4,Food_and_Market_Subfolder,SA,5,6,124439,124452,3.2
9e9522793c06e439ef5b85a8af96d163,/content/drive/MyDrive/NeuroBioSense_Dataset/NeuroBioSense/Advertisement Categories/Food_and_Market_Subfolder/58/A07/J/1.mp4,Food_and_Market_Subfolder,J,4,0,18013,18025,3.066666666666667
85262b95d80d6c1f82e8c540d3f77fef,/content/drive/MyDrive/NeuroBioSense_Dataset/NeuroBioSense/Advertisement Categories/Food_and_Market_Subfolder/58/A07/J/2.mp4,Food_and_Market_Subfolder,J,4,4,38921,38932,2.6333333333333333
924d88b728a74caae81cab1fd4804740,/content/drive/MyDrive/NeuroBioSense_Dataset/NeuroBioSense/Advertisement Categories/Food_and_Market_Subfolder/58/A06/D/1.mp4,Food_and_Market_Subfolder,D,2,6,9755,9761,1.6
a00eee7497891dcd099149af7b001d0a,/content/drive/MyDrive/NeuroBioSense_Dataset/NeuroBioSense/Advertisement Categories/Food_and_Market_Subfolder/58/A06/D/2.mp4,Food_and_Market_Subfolder,D,2,4,78845,78851,1.5
67c3facf7f8eb7988c6d004242eadcbf,/content/drive/MyDrive/NeuroBioSense_Dataset/NeuroBioSense/Advertisement Categories/Food_and_Market_Subfolder/58/A06/A/1.mp4,Food_and_Market_Subfolder,A,1,6,90867,90875,1.9666666666666666
5571ec33953052c0749d55abbf63eecb,/content/drive/MyDrive/NeuroBioSense_Dataset/NeuroBioSense/Advertisement Categories/Food_and_Market_Subfolder/58/A09/SU/1.mp4,Food_and_Market_Subfolder,SU,6,4,115245,115252,1.8333333333333333
6aadaa91b7b6215196945348efede7fe,/content/drive/MyDrive/NeuroBioSense_Dataset/NeuroBioSense/Advertisement Categories/Food_and_Market_Subfolder/58/A09/SU/2.mp4,Food_and_Market_Subfolder,SU,6,4,50349,50356,1.8666666666666667
aac5a798544b1f7521196b73c978dc92,/content/drive/MyDrive/NeuroBioSense_Dataset/NeuroBioSense/Advertisement Categories/Food_and_Market_Subfolder/58/A09/SU/3.mp4,Food_and_Market_Subfolder,SU,6,5,18328,18337,2.3
d3f2c1b7df42501367f2ed9c546527e9,/content/drive/MyDrive/NeuroBioSense_Dataset/NeuroBioSense/Advertisement Categories/Food_and_Market_Subfolder/58/A09/J/1.mp4,Food_and_Market_Subfolder,J,4,2,140356,140365,2.1333333333333333
1f6ad291b2b1b2f4c164f4a66114e8e7,/content/drive/MyDrive/NeuroBioSense_Dataset/NeuroBioSense/Advertisement Categories/Food_and_Market_Subfolder/58/A08/D/2.mp4,Food_and_Market_Subfolder,D,2,3,64291,64296,1.2
28a8591dedcec4b66a5891726c609cb9,/content/drive/MyDrive/NeuroBioSense_Dataset/NeuroBioSense/Advertisement Categories/Food_and_Market_Subfolder/58/A08/D/3.mp4,Food_and_Market_Subfolder,D,2,6,52269,52275,1.4
5e962b9cad84d2e6c60e69f181626c69,/content/drive/MyDrive/NeuroBioSense_Dataset/NeuroBioSense/Advertisement Categories/Food_and_Market_Subfolder/58/A08/D/1.mp4,Food_and_Market_Subfolder,D,2,4,26775,26780,1.3666666666666667
4d7205d71ffcfe45450751f62a9541d9,/content/drive/MyDrive/NeuroBioSense_Dataset/NeuroBioSense/Advertisement Categories/Food_and_Market_Subfolder/58/A10/D/1.mp4,Food_and_Market_Subfolder,D,2,6,143705,143712,1.8
ff8c92e3bd84102d7907458d75dd86c4,/content/drive/MyDrive/NeuroBioSense_Dataset/NeuroBioSense/Advertisement Categories/Food_and_Market_Subfolder/58/A10/D/2.mp4,Food_and_Market_Subfolder,D,2,6,108287,108292,1.1666666666666667
64a41ef96df44b2a4f2f2bce12b8df39,/content/drive/MyDrive/NeuroBioSense_Dataset/NeuroBioSense/Advertisement Categories/Food_and_Market_Subfolder/58/A04/D/1.mp4,Food_and_Market_Subfolder,D,2,0,40274,40281,1.6666666666666667
3d55bf80835d445cd5c2ef74eef4b1cd,/content/drive/MyDrive/NeuroBioSense_Dataset/NeuroBioSense/Advertisement Categories/Food_and_Market_Subfolder/58/A04/J/2.mp4,Food_and_Market_Subfolder,J,4,2,17512,17525,3.3666666666666667
532aeaf84a821e8ddebea1ff8beb673b,/content/drive/MyDrive/NeuroBioSense_Dataset/NeuroBioSense/Advertisement Categories/Food_and_Market_Subfolder/58/A04/J/1.mp4,Food_and_Market_Subfolder,J,4,4,92101,92113,3.033333333333333
cef8dd3f95f0fcc6d9b93de829fe8075,/content/drive/MyDrive/NeuroBioSense_Dataset/NeuroBioSense/Advertisement Categories/Food_and_Market_Subfolder/58/A04/J/3.mp4,Food_and_Market_Subfolder,J,4,6,90306,90317,2.8666666666666667
7c6c71346e7e74cb0325c41cf7d25253,/content/drive/MyDrive/NeuroBioSense_Dataset/NeuroBioSense/Advertisement Categories/Food_and_Market_Subfolder/58/A03/A/1.mp4,Food_and_Market_Subfolder,A,1,4,10040,10048,2.033333333333333
5a5be6b5d882777f29a3890fd301813e,/content/drive/MyDrive/NeuroBioSense_Dataset/NeuroBioSense/Advertisement Categories/Food_and_Market_Subfolder/58/A03/D/2.mp4,Food_and_Market_Subfolder,D,2,6,852,858,1.5333333333333334
5915be640d5d4e0d02439213bd4cff1f,/content/drive/MyDrive/NeuroBioSense_Dataset/NeuroBioSense/Advertisement Categories/Food_and_Market_Subfolder/58/A03/D/1.mp4,Food_and_Market_Subfolder,D,2,6,97187,97193,1.4
43e7c5dc3a483bc367ee06a4683a4815,/content/drive/MyDrive/NeuroBioSense_Dataset/NeuroBioSense/Advertisement Categories/Food_and_Market_Subfolder/58/A02/J/1.mp4,Food_and_Market_Subfolder,J,4,6,6767,6776,2.3333333333333335
4c50e836cf1fdea6f5aafbb58a264853,/content/drive/MyDrive/NeuroBioSense_Dataset/NeuroBioSense/Advertisement Categories/Food_and_Market_Subfolder/58/A02/J/3.mp4,Food_and_Market_Subfolder,J,4,5,24370,24382,3.1
f28e30a46cc6744cc50e9f01432fb087,/content/drive/MyDrive/NeuroBioSense_Dataset/NeuroBioSense/Advertisement Categories/Food_and_Market_Subfolder/58/A02/J/2.mp4,Food_and_Market_Subfolder,J,4,1,125547,125555,2.0
9b1021a57aa2344777978cf9af702b96,/content/drive/MyDrive/NeuroBioSense_Dataset/NeuroBioSense/Advertisement Categories/Food_and_Market_Subfolder/58/A02/SU/1.mp4,Food_and_Market_Subfolder,SU,6,4,19599,19607,2.0
e3a5ec8c9ffb509e9065b1191fe139e6,/content/drive/MyDrive/NeuroBioSense_Dataset/NeuroBioSense/Advertisement Categories/Food_and_Market_Subfolder/58/A02/SU/2.mp4,Food_and_Market_Subfolder,SU,6,0,7361,7373,2.9
25d644f7607c684985b8409d022d3480,/content/drive/MyDrive/NeuroBioSense_Dataset/NeuroBioSense/Advertisement Categories/Food_and_Market_Subfolder/58/A05/SU/1.mp4,Food_and_Market_Subfolder,SU,6,4,32256,32264,2.066666666666667
253e4e011a93c172908af301f29080c0,/content/drive/MyDrive/NeuroBioSense_Dataset/NeuroBioSense/Advertisement Categories/Food_and_Market_Subfolder/58/A05/J/2.mp4,Food_and_Market_Subfolder,J,4,2,33343,33356,3.2333333333333334
d56355b663bdb9accd5badba92ece8d0,/content/drive/MyDrive/NeuroBioSense_Dataset/NeuroBioSense/Advertisement Categories/Food_and_Market_Subfolder/58/A05/J/1.mp4,Food_and_Market_Subfolder,J,4,6,35052,35063,2.7
e0265e74b8c912812f82e81c86330da6,/content/drive/MyDrive/NeuroBioSense_Dataset/NeuroBioSense/Advertisement Categories/Food_and_Market_Subfolder/58/A05/J/3.mp4,Food_and_Market_Subfolder,J,4,4,88664,88675,2.8666666666666667
58828530ebac56a13a99fc89721a8eca,/content/drive/MyDrive/NeuroBioSense_Dataset/NeuroBioSense/Advertisement Categories/Food_and_Market_Subfolder/56/A09/A/1.mp4,Food_and_Market_Subfolder,A,1,0,126143,126150,1.6683333333333334
551d6bd7be5be2931111742635bc7726,/content/drive/MyDrive/NeuroBioSense_Dataset/NeuroBioSense/Advertisement Categories/Food_and_Market_Subfolder/56/A09/J/1.mp4,Food_and_Market_Subfolder,J,4,0,1413,1422,2.3690333333333333
6d6b224dcc6d25df062719e8bba7acc0,/content/drive/MyDrive/NeuroBioSense_Dataset/NeuroBioSense/Advertisement Categories/Food_and_Market_Subfolder/56/A07/J/1.mp4,Food_and_Market_Subfolder,J,4,0,128671,128677,1.5015
220f54f67d69bc174acfbd45156b82dd,/content/drive/MyDrive/NeuroBioSense_Dataset/NeuroBioSense/Advertisement Categories/Food_and_Market_Subfolder/56/A08/D/1.mp4,Food_and_Market_Subfolder,D,2,4,124288,124293,1.1344666666666667
cde3b506a26f54c1ad7a5a1bd4f7e925,/content/drive/MyDrive/NeuroBioSense_Dataset/NeuroBioSense/Advertisement Categories/Food_and_Market_Subfolder/56/A08/A/1.mp4,Food_and_Market_Subfolder,A,1,4,126068,126075,1.7017
3f6f23b56caef05cb8f2f75e55688339,/content/drive/MyDrive/NeuroBioSense_Dataset/NeuroBioSense/Advertisement Categories/Food_and_Market_Subfolder/56/A06/A/1.mp4,Food_and_Market_Subfolder,A,1,5,127812,127821,2.2689333333333335
842ce60dca9bd379f07e10bc7cec4c3f,/content/drive/MyDrive/NeuroBioSense_Dataset/NeuroBioSense/Advertisement Categories/Food_and_Market_Subfolder/56/A06/J/1.mp4,Food_and_Market_Subfolder,J,4,0,128048,128056,2.0687333333333333
ed32f0b5eceb7dee77550040ced0f59d,/content/drive/MyDrive/NeuroBioSense_Dataset/NeuroBioSense/Advertisement Categories/Food_and_Market_Subfolder/56/A01/J/1.mp4,Food_and_Market_Subfolder,J,4,6,36043,36053,2.435766666666667
88758877b1fb40e3a4a30dd286cb4f9a,/content/drive/MyDrive/NeuroBioSense_Dataset/NeuroBioSense/Advertisement Categories/Food_and_Market_Subfolder/56/A01/D/1.mp4,Food_and_Market_Subfolder,D,2,0,117622,117632,2.435766666666667
c393fe1aed40d850b24fe5e3142b27dc,/content/drive/MyDrive/NeuroBioSense_Dataset/NeuroBioSense/Advertisement Categories/Food_and_Market_Subfolder/56/A10/D/1.mp4,Food_and_Market_Subfolder,D,2,4,12759,12769,2.5358666666666667
7adf5dc7da9c6d6b10ac0be590d11c84,/content/drive/MyDrive/NeuroBioSense_Dataset/NeuroBioSense/Advertisement Categories/Food_and_Market_Subfolder/56/A04/J/1.mp4,Food_and_Market_Subfolder,J,4,6,98055,98060,1.2012
ee7d865fb7ce473cb0db2d6bb17951c8,/content/drive/MyDrive/NeuroBioSense_Dataset/NeuroBioSense/Advertisement Categories/Food_and_Market_Subfolder/56/A04/A/1.mp4,Food_and_Market_Subfolder,A,1,2,124024,124035,2.7027
7bb4af2d7d8d4d1005fa97bf247d8e2e,/content/drive/MyDrive/NeuroBioSense_Dataset/NeuroBioSense/Advertisement Categories/Food_and_Market_Subfolder/56/A03/J/1.mp4,Food_and_Market_Subfolder,J,4,2,139356,139363,1.8018
513305143dfd21fbfc3b97e55aaa8853,/content/drive/MyDrive/NeuroBioSense_Dataset/NeuroBioSense/Advertisement Categories/Food_and_Market_Subfolder/56/A02/J/1.mp4,Food_and_Market_Subfolder,J,4,4,102783,102793,2.6026000000000002
f2961e16c4e8a28e1a9b04bb7f443305,/content/drive/MyDrive/NeuroBioSense_Dataset/NeuroBioSense/Advertisement Categories/Food_and_Market_Subfolder/56/A02/J/2.mp4,Food_and_Market_Subfolder,J,4,4,34782,34792,2.469133333333333
b81650530be3cee684de97c70ebd2088,/content/drive/MyDrive/NeuroBioSense_Dataset/NeuroBioSense/Advertisement Categories/Food_and_Market_Subfolder/56/A02/J/3.mp4,Food_and_Market_Subfolder,J,4,4,26796,26808,3.1031
afd3a23b578cebde8704dd594cc7e347,/content/drive/MyDrive/NeuroBioSense_Dataset/NeuroBioSense/Advertisement Categories/Food_and_Market_Subfolder/56/A05/D/1.mp4,Food_and_Market_Subfolder,D,2,0,136719,136726,1.8351666666666666
46a82b96fc4bbf6c500fcd7a03c14026,/content/drive/MyDrive/NeuroBioSense_Dataset/NeuroBioSense/Advertisement Categories/Food_and_Market_Subfolder/57/A09/J/1.mp4,Food_and_Market_Subfolder,J,4,2,127430,127447,4.3043000000000005
b149943d0f2dc4a1e8281680da199a2e,/content/drive/MyDrive/NeuroBioSense_Dataset/NeuroBioSense/Advertisement Categories/Food_and_Market_Subfolder/57/A09/N/1.mp4,Food_and_Market_Subfolder,N,0,4,115552,115580,6.9069
73810bf1ab21fc565038df056c65874a,/content/drive/MyDrive/NeuroBioSense_Dataset/NeuroBioSense/Advertisement Categories/Food_and_Market_Subfolder/57/A07/SA/1.mp4,Food_and_Market_Subfolder,SA,5,6,1799,1809,2.6026000000000002
f0b5b6a6735c481ac20d358d3afaad19,/content/drive/MyDrive/NeuroBioSense_Dataset/NeuroBioSense/Advertisement Categories/Food_and_Market_Subfolder/57/A07/J/1.mp4,Food_and_Market_Subfolder,J,4,3,60853,60859,1.6016000000000001
3f1c99da31382a3a2f02a0e4bb89f139,/content/drive/MyDrive/NeuroBioSense_Dataset/NeuroBioSense/Advertisement Categories/Food_and_Market_Subfolder/57/A07/N/1.mp4,Food_and_Market_Subfolder,N,0,4,85642,85671,7.240566666666667
665446e8b0200ad0a90eec1d78cc3acc,/content/drive/MyDrive/NeuroBioSense_Dataset/NeuroBioSense/Advertisement Categories/Food_and_Market_Subfolder/57/A06/J/1.mp4,Food_and_Market_Subfolder,J,4,0,16616,16621,1.2012
7d70dc2a7ee979725ecc522efd741caa,/content/drive/MyDrive/NeuroBioSense_Dataset/NeuroBioSense/Advertisement Categories/Food_and_Market_Subfolder/57/A06/SU/1.mp4,Food_and_Market_Subfolder,SU,6,6,93937,93952,3.7037
6c6fc31bb270a3597b5834782a553404,/content/drive/MyDrive/NeuroBioSense_Dataset/NeuroBioSense/Advertisement Categories/Food_and_Market_Subfolder/57/A06/SU/2.mp4,Food_and_Market_Subfolder,SU,6,3,94560,94572,3.036366666666667
8c98d6fb3c4a7f2e5a49d4c9c4fb36a5,/content/drive/MyDrive/NeuroBioSense_Dataset/NeuroBioSense/Advertisement Categories/Food_and_Market_Subfolder/57/A06/SU/3.mp4,Food_and_Market_Subfolder,SU,6,2,120422,120428,1.4347666666666667
500ba2c0b609cbe92779e4de5c85cf7f,/content/drive/MyDrive/NeuroBioSense_Dataset/NeuroBioSense/Advertisement Categories/Food_and_Market_Subfolder/57/A06/SA/1.mp4,Food_and_Market_Subfolder,SA,5,4,63887,63896,2.168833333333333
de453333d76782ca2c62132fd9a1e890,/content/drive/MyDrive/NeuroBioSense_Dataset/NeuroBioSense/Advertisement Categories/Food_and_Market_Subfolder/57/A08/SU/1.mp4,Food_and_Market_Subfolder,SU,6,6,106789,106796,1.7017
e91d882fc949d2e3dcf28507fc26a699,/content/drive/MyDrive/NeuroBioSense_Dataset/NeuroBioSense/Advertisement Categories/Food_and_Market_Subfolder/57/A01/J/2.mp4,Food_and_Market_Subfolder,J,4,4,104600,104610,2.6026000000000002
bcad9921f4b88977a877acdcd9fe95ff,/content/drive/MyDrive/NeuroBioSense_Dataset/NeuroBioSense/Advertisement Categories/Food_and_Market_Subfolder/57/A01/J/1.mp4,Food_and_Market_Subfolder,J,4,4,49360,49366,1.4681333333333333
d39c166e49740972e78a9b6b8ef58eb8,/content/drive/MyDrive/NeuroBioSense_Dataset/NeuroBioSense/Advertisement Categories/Food_and_Market_Subfolder/57/A01/SU/1.mp4,Food_and_Market_Subfolder,SU,6,6,62975,62979,0.9676333333333333
186bb97be2f0bcf05a396b6c8aa05134,/content/drive/MyDrive/NeuroBioSense_Dataset/NeuroBioSense/Advertisement Categories/Food_and_Market_Subfolder/57/A04/D/1.mp4,Food_and_Market_Subfolder,D,2,6,110616,110624,1.9686333333333335
99eafd16bcf8ac171357e8f97f9176d5,/content/drive/MyDrive/NeuroBioSense_Dataset/NeuroBioSense/Advertisement Categories/Food_and_Market_Subfolder/57/A04/J/1.mp4,Food_and_Market_Subfolder,J,4,4,9467,9477,2.4024
0ab43126d4c0c927ad95191f3a04dbd0,/content/drive/MyDrive/NeuroBioSense_Dataset/NeuroBioSense/Advertisement Categories/Food_and_Market_Subfolder/57/A04/J/2.mp4,Food_and_Market_Subfolder,J,4,6,60162,60172,2.5692333333333335
9fdf2fa3c8632ab4b2b6146c56923ec5,/content/drive/MyDrive/NeuroBioSense_Dataset/NeuroBioSense/Advertisement Categories/Food_and_Market_Subfolder/57/A04/SU/5.mp4,Food_and_Market_Subfolder,SU,6,4,10063,10074,2.736066666666667
fc302b79945aecab808ed06969fa816a,/content/drive/MyDrive/NeuroBioSense_Dataset/NeuroBioSense/Advertisement Categories/Food_and_Market_Subfolder/57/A04/SU/3.mp4,Food_and_Market_Subfolder,SU,6,6,73843,73851,2.0353666666666665
282bc2126c71464da78552fb387bff74,/content/drive/MyDrive/NeuroBioSense_Dataset/NeuroBioSense/Advertisement Categories/Food_and_Market_Subfolder/57/A04/SU/4.mp4,Food_and_Market_Subfolder,SU,6,6,104383,104390,1.7350666666666668
0e45ceb11a54a0f0fc162f3451f598c2,/content/drive/MyDrive/NeuroBioSense_Dataset/NeuroBioSense/Advertisement Categories/Food_and_Market_Subfolder/57/A04/SU/2.mp4,Food_and_Market_Subfolder,SU,6,4,47683,47690,1.6349666666666667
6b759ffba5794b04bbcb47108582ce47,/content/drive/MyDrive/NeuroBioSense_Dataset/NeuroBioSense/Advertisement Categories/Food_and_Market_Subfolder/57/A04/SU/1.mp4,Food_and_Market_Subfolder,SU,6,5,17820,17830,2.6026000000000002
ab48672527d8c711e9061ca96ad84502,/content/drive/MyDrive/NeuroBioSense_Dataset/NeuroBioSense/Advertisement Categories/Food_and_Market_Subfolder/57/A10/D/1.mp4,Food_and_Market_Subfolder,D,2,2,142040,142051,2.769433333333333
a43935f0e1fe10da48d3aef4911a3440,/content/drive/MyDrive/NeuroBioSense_Dataset/NeuroBioSense/Advertisement Categories/Food_and_Market_Subfolder/57/A10/J/1.mp4,Food_and_Market_Subfolder,J,4,6,51087,51093,1.4681333333333333
ec3890c9e6a80a7803548197b530cd77,/content/drive/MyDrive/NeuroBioSense_Dataset/NeuroBioSense/Advertisement Categories/Food_and_Market_Subfolder/57/A10/SU/2.mp4,Food_and_Market_Subfolder,SU,6,4,44454,44466,3.1031
20e5c7ccfb8d393bbca5dac64bbd9608,/content/drive/MyDrive/NeuroBioSense_Dataset/NeuroBioSense/Advertisement Categories/Food_and_Market_Subfolder/57/A10/SU/1.mp4,Food_and_Market_Subfolder,SU,6,6,67972,67980,2.0687333333333333
710a29feb98bbb9050ce7329fc20b9ce,/content/drive/MyDrive/NeuroBioSense_Dataset/NeuroBioSense/Advertisement Categories/Food_and_Market_Subfolder/57/A03/J/1.mp4,Food_and_Market_Subfolder,J,4,5,49776,49780,1.1011
3e60b73202bf126353282dc4fec21e53,/content/drive/MyDrive/NeuroBioSense_Dataset/NeuroBioSense/Advertisement Categories/Food_and_Market_Subfolder/57/A03/SU/3.mp4,Food_and_Market_Subfolder,SU,6,4,105594,105600,1.5682333333333334
0c7613db9ff40b5c540f6a3af9e53274,/content/drive/MyDrive/NeuroBioSense_Dataset/NeuroBioSense/Advertisement Categories/Food_and_Market_Subfolder/57/A03/SU/1.mp4,Food_and_Market_Subfolder,SU,6,6,70209,70214,1.2012
0e8fbd1780c2d4c99f3e12a0f0940b35,/content/drive/MyDrive/NeuroBioSense_Dataset/NeuroBioSense/Advertisement Categories/Food_and_Market_Subfolder/57/A03/SU/2.mp4,Food_and_Market_Subfolder,SU,6,2,134428,134437,2.3690333333333333
f97a4c564e203b0dcf56d69bb76b0d83,/content/drive/MyDrive/NeuroBioSense_Dataset/NeuroBioSense/Advertisement Categories/Food_and_Market_Subfolder/57/A05/D/1.mp4,Food_and_Market_Subfolder,D,2,4,14668,14673,1.3346666666666667
074c4956d6b0002465f30438ea406a82,/content/drive/MyDrive/NeuroBioSense_Dataset/NeuroBioSense/Advertisement Categories/Food_and_Market_Subfolder/57/A05/SU/2.mp4,Food_and_Market_Subfolder,SU,6,4,135183,135194,2.7027
abf79800dc0ee11b2c0b05109b77d987,/content/drive/MyDrive/NeuroBioSense_Dataset/NeuroBioSense/Advertisement Categories/Food_and_Market_Subfolder/57/A05/SU/1.mp4,Food_and_Market_Subfolder,SU,6,2,123835,123846,2.6359666666666666
006780ee4852cf48214b4473fc1a2c3c,/content/drive/MyDrive/NeuroBioSense_Dataset/NeuroBioSense/Advertisement Categories/Food_and_Market_Subfolder/57/A05/SA/1.mp4,Food_and_Market_Subfolder,SA,5,6,4599,4614,3.8705333333333334
600befaeb6d4817e463738a62fd373fd,/content/drive/MyDrive/NeuroBioSense_Dataset/NeuroBioSense/Advertisement Categories/Food_and_Market_Subfolder/57/A02/J/3.mp4,Food_and_Market_Subfolder,J,4,5,40700,40711,2.769433333333333
7ad09679eb1358a86f8d15bbcf5e181c,/content/drive/MyDrive/NeuroBioSense_Dataset/NeuroBioSense/Advertisement Categories/Food_and_Market_Subfolder/57/A02/J/2.mp4,Food_and_Market_Subfolder,J,4,6,66012,66033,5.171833333333334
ab7e35f8ad813ff1ab52392b494bf831,/content/drive/MyDrive/NeuroBioSense_Dataset/NeuroBioSense/Advertisement Categories/Food_and_Market_Subfolder/57/A02/J/1.mp4,Food_and_Market_Subfolder,J,4,0,18073,18083,2.435766666666667
2274605c7cfd00ec4659dc2a2c996864,/content/drive/MyDrive/NeuroBioSense_Dataset/NeuroBioSense/Advertisement Categories/Food_and_Market_Subfolder/57/A02/SU/1.mp4,Food_and_Market_Subfolder,SU,6,4,138431,138439,2.0353666666666665
8508fecc7e2826e9bc56606a5d3247be,/content/drive/MyDrive/NeuroBioSense_Dataset/NeuroBioSense/Advertisement Categories/Food_and_Market_Subfolder/57/A02/SU/2.mp4,Food_and_Market_Subfolder,SU,6,4,88530,88540,2.4024
3578f569d3bdd29715fa2dbd1b0c3e75,/content/drive/MyDrive/NeuroBioSense_Dataset/NeuroBioSense/Advertisement Categories/Food_and_Market_Subfolder/51/A09/J/1.mp4,Food_and_Market_Subfolder,J,4,0,117606,117615,2.335666666666667
94e816e0bbfd09da71cc0b1e992cbc93,/content/drive/MyDrive/NeuroBioSense_Dataset/NeuroBioSense/Advertisement Categories/Food_and_Market_Subfolder/51/A09/SA/2.mp4,Food_and_Market_Subfolder,SA,5,0,133097,133109,3.003
5892d96a2a812ec0e290fff8870b041b,/content/drive/MyDrive/NeuroBioSense_Dataset/NeuroBioSense/Advertisement Categories/Food_and_Market_Subfolder/51/A09/SA/1.mp4,Food_and_Market_Subfolder,SA,5,4,6397,6404,1.8685333333333334
80720f153e2e8b78644fec4473f95004,/content/drive/MyDrive/NeuroBioSense_Dataset/NeuroBioSense/Advertisement Categories/Food_and_Market_Subfolder/51/A07/D/1.mp4,Food_and_Market_Subfolder,D,2,4,70717,70725,2.0353666666666665
2877941ddbb8dfefca077511eee3d39d,/content/drive/MyDrive/NeuroBioSense_Dataset/NeuroBioSense/Advertisement Categories/Food_and_Market_Subfolder/51/A07/J/1.mp4,Food_and_Market_Subfolder,J,4,6,68586,68596,2.5025
21d40a03a53e46943ec24d243cd63584,/content/drive/MyDrive/NeuroBioSense_Dataset/NeuroBioSense/Advertisement Categories/Food_and_Market_Subfolder/51/A08/SA/1.mp4,Food_and_Market_Subfolder,SA,5,6,105244,105251,1.6349666666666667
8421a98c5d3e00428b88473484ae8707,/content/drive/MyDrive/NeuroBioSense_Dataset/NeuroBioSense/Advertisement Categories/Food_and_Market_Subfolder/51/A06/J/1.mp4,Food_and_Market_Subfolder,J,4,6,137840,137848,2.0020000000000002
07d3de2f39c9449b863397d25c2d04da,/content/drive/MyDrive/NeuroBioSense_Dataset/NeuroBioSense/Advertisement Categories/Food_and_Market_Subfolder/51/A06/A/1.mp4,Food_and_Market_Subfolder,A,1,3,86326,86334,1.9352666666666667
b0fd65c6dbfbf13c8946e2743932108e,/content/drive/MyDrive/NeuroBioSense_Dataset/NeuroBioSense/Advertisement Categories/Food_and_Market_Subfolder/51/A01/SU/1.mp4,Food_and_Market_Subfolder,SU,6,4,101769,101778,2.3690333333333333
fba0966a886aec076486f853f9887c02,/content/drive/MyDrive/NeuroBioSense_Dataset/NeuroBioSense/Advertisement Categories/Food_and_Market_Subfolder/51/A01/J/1.mp4,Food_and_Market_Subfolder,J,4,2,125744,125753,2.135466666666667
19b5783c713a4bf75595f3d035bf6836,/content/drive/MyDrive/NeuroBioSense_Dataset/NeuroBioSense/Advertisement Categories/Food_and_Market_Subfolder/51/A01/A/1.mp4,Food_and_Market_Subfolder,A,1,4,98906,98916,2.469133333333333
a98fda13a3fdf0de9ea1d83c315d9c43,/content/drive/MyDrive/NeuroBioSense_Dataset/NeuroBioSense/Advertisement Categories/Food_and_Market_Subfolder/51/A10/N/IMG_2647.mp4,Food_and_Market_Subfolder,N,0,0,39169,39173,1.1011
850c7ea50ac0cb9d51fae5d19d725b91,/content/drive/MyDrive/NeuroBioSense_Dataset/NeuroBioSense/Advertisement Categories/Food_and_Market_Subfolder/51/A10/D/2.mp4,Food_and_Market_Subfolder,D,2,2,119260,119270,2.435766666666667
a2f6a4b4795c12ff4bc486a6c74239db,/content/drive/MyDrive/NeuroBioSense_Dataset/NeuroBioSense/Advertisement Categories/Food_and_Market_Subfolder/51/A10/D/IMG_2647_1.mp4,Food_and_Market_Subfolder,D,2,6,3567,3578,2.7027
6fb6f239f085b70046c3b43d2d1f86b9,/content/drive/MyDrive/NeuroBioSense_Dataset/NeuroBioSense/Advertisement Categories/Food_and_Market_Subfolder/51/A02/J/3.mp4,Food_and_Market_Subfolder,J,4,4,15851,15863,2.9696333333333333
22ab407daeddbd43fde964d3bb99e17d,/content/drive/MyDrive/NeuroBioSense_Dataset/NeuroBioSense/Advertisement Categories/Food_and_Market_Subfolder/51/A02/J/2.mp4,Food_and_Market_Subfolder,J,4,3,89693,89703,2.6026
429861257bdba2b01f7087f283e2a834,/content/drive/MyDrive/NeuroBioSense_Dataset/NeuroBioSense/Advertisement Categories/Food_and_Market_Subfolder/51/A02/J/1.mp4,Food_and_Market_Subfolder,J,4,4,39303,39313,2.569233333333333
1a6f71064d478bf6fb1c7f0f7d05d3c2,/content/drive/MyDrive/NeuroBioSense_Dataset/NeuroBioSense/Advertisement Categories/Food_and_Market_Subfolder/51/A02/SA/1.mp4,Food_and_Market_Subfolder,SA,5,4,58337,58350,3.2032
55597586017f4cd6c587940793bf2353,/content/drive/MyDrive/NeuroBioSense_Dataset/NeuroBioSense/Advertisement Categories/Food_and_Market_Subfolder/51/A04/J/1.mp4,Food_and_Market_Subfolder,J,4,4,24841,24852,2.769433333333333
fcedeb8527a4d2b0d5d419d2fdb1d645,/content/drive/MyDrive/NeuroBioSense_Dataset/NeuroBioSense/Advertisement Categories/Food_and_Market_Subfolder/51/A04/D/2.mp4,Food_and_Market_Subfolder,D,2,5,18462,18472,2.5025
8ce86b9db0574f33ffd52417ade38614,/content/drive/MyDrive/NeuroBioSense_Dataset/NeuroBioSense/Advertisement Categories/Food_and_Market_Subfolder/51/A04/D/1.mp4,Food_and_Market_Subfolder,D,2,4,86540,86554,3.5035000000000003
b364f87691b8444c3e87169a340d4e59,/content/drive/MyDrive/NeuroBioSense_Dataset/NeuroBioSense/Advertisement Categories/Food_and_Market_Subfolder/51/A03/D/2.mp4,Food_and_Market_Subfolder,D,2,4,135360,135375,3.8371666666666666
2b1bd7b3696873c4f3c380ec500e171f,/content/drive/MyDrive/NeuroBioSense_Dataset/NeuroBioSense/Advertisement Categories/Food_and_Market_Subfolder/51/A03/D/1.mp4,Food_and_Market_Subfolder,D,2,2,137665,137680,3.8705333333333334
1291db0d73634a1625a9326540124a40,/content/drive/MyDrive/NeuroBioSense_Dataset/NeuroBioSense/Advertisement Categories/Food_and_Market_Subfolder/51/A05/SA/1.mp4,Food_and_Market_Subfolder,SA,5,6,108088,108097,2.3690333333333333
e280a1f867bf89da62ae381d62a7881f,/content/drive/MyDrive/NeuroBioSense_Dataset/NeuroBioSense/Advertisement Categories/Food_and_Market_Subfolder/51/A05/SU/1.mp4,Food_and_Market_Subfolder,SU,6,6,146273,146279,1.6016
289bff798ed17e4c8ca701f289d2f808,/content/drive/MyDrive/NeuroBioSense_Dataset/NeuroBioSense/Advertisement Categories/Food_and_Market_Subfolder/51/A05/J/2.mp4,Food_and_Market_Subfolder,J,4,3,89653,89661,1.9352666666666667
0aa55b548025517aa1b424b2b2384ac0,/content/drive/MyDrive/NeuroBioSense_Dataset/NeuroBioSense/Advertisement Categories/Food_and_Market_Subfolder/51/A05/J/1.mp4,Food_and_Market_Subfolder,J,4,5,30600,30612,2.9029
5ce7e44e9a661fe0c229585649e217ef,/content/drive/MyDrive/NeuroBioSense_Dataset/NeuroBioSense/Advertisement Categories/Food_and_Market_Subfolder/50/A07/SA/1.mp4,Food_and_Market_Subfolder,SA,5,2,128143,128151,2.0353666666666665
b3b101448ebed68c6f5b490888f76d39,/content/drive/MyDrive/NeuroBioSense_Dataset/NeuroBioSense/Advertisement Categories/Food_and_Market_Subfolder/50/A08/D/1.mp4,Food_and_Market_Subfolder,D,2,6,60135,60144,2.168833333333333
0522099e4268be0a13ada05fc15e8ecf,/content/drive/MyDrive/NeuroBioSense_Dataset/NeuroBioSense/Advertisement Categories/Food_and_Market_Subfolder/50/A09/J/1.mp4,Food_and_Market_Subfolder,J,4,4,132940,132945,1.3346666666666667
3e9b3a81e7f4959a9fa1437909e77b58,/content/drive/MyDrive/NeuroBioSense_Dataset/NeuroBioSense/Advertisement Categories/Food_and_Market_Subfolder/50/A09/J/2.mp4,Food_and_Market_Subfolder,J,4,4,106996,107002,1.5682333333333334
72f479c21b0c83f80333defada512796,/content/drive/MyDrive/NeuroBioSense_Dataset/NeuroBioSense/Advertisement Categories/Food_and_Market_Subfolder/50/A09/SU/1.mp4,Food_and_Market_Subfolder,SU,6,4,113935,113941,1.5682333333333334
49ae3568ebb6feaea567cd249190a462,/content/drive/MyDrive/NeuroBioSense_Dataset/NeuroBioSense/Advertisement Categories/Food_and_Market_Subfolder/50/A06/SA/1.mp4,Food_and_Market_Subfolder,SA,5,4,31662,31669,1.7017
5b20e129f62eaa5a584623c10ede71a8,/content/drive/MyDrive/NeuroBioSense_Dataset/NeuroBioSense/Advertisement Categories/Food_and_Market_Subfolder/50/A06/SU/1.mp4,Food_and_Market_Subfolder,SU,6,4,136323,136329,1.5015
04b234d16313e5a1915ee749781f24cf,/content/drive/MyDrive/NeuroBioSense_Dataset/NeuroBioSense/Advertisement Categories/Food_and_Market_Subfolder/50/A06/A/1.mp4,Food_and_Market_Subfolder,A,1,4,99980,99988,1.9686333333333332
0a80472a2b9a2257e086e7cfdde5c917,/content/drive/MyDrive/NeuroBioSense_Dataset/NeuroBioSense/Advertisement Categories/Food_and_Market_Subfolder/50/A01/SU/1.mp4,Food_and_Market_Subfolder,SU,6,4,137046,137050,1.001
7ed4948e40e91ccfdebf4f16a391c689,/content/drive/MyDrive/NeuroBioSense_Dataset/NeuroBioSense/Advertisement Categories/Food_and_Market_Subfolder/50/A01/J/1.mp4,Food_and_Market_Subfolder,J,4,4,53833,53839,1.4014
e40c3e5a34a1bef37b5f76c2f9ccf728,/content/drive/MyDrive/NeuroBioSense_Dataset/NeuroBioSense/Advertisement Categories/Food_and_Market_Subfolder/50/A01/J/2.mp4,Food_and_Market_Subfolder,J,4,3,94713,94718,1.2679333333333334
753b4c457c64e6aac92da2ef4c8589c7,/content/drive/MyDrive/NeuroBioSense_Dataset/NeuroBioSense/Advertisement Categories/Food_and_Market_Subfolder/50/A10/D/2.mp4,Food_and_Market_Subfolder,D,2,6,121575,121582,1.8685333333333334
8670fa3abbd4d6c3b410e9129ef4c60f,/content/drive/MyDrive/NeuroBioSense_Dataset/NeuroBioSense/Advertisement Categories/Food_and_Market_Subfolder/50/A10/D/1.mp4,Food_and_Market_Subfolder,D,2,5,21550,21572,5.4054
70d1fdbc3d99211cd7740be0a06e787d,/content/drive/MyDrive/NeuroBioSense_Dataset/NeuroBioSense/Advertisement Categories/Food_and_Market_Subfolder/50/A10/SU/1.mp4,Food_and_Market_Subfolder,SU,6,4,141639,141644,1.1678333333333333
5ab257f25a6afed87c9089ccc1a38449,/content/drive/MyDrive/NeuroBioSense_Dataset/NeuroBioSense/Advertisement Categories/Food_and_Market_Subfolder/50/A04/J/1.mp4,Food_and_Market_Subfolder,J,4,4,113023,113032,2.3023000000000002
75162b1b7a28a165c65b006b014782b0,/content/drive/MyDrive/NeuroBioSense_Dataset/NeuroBioSense/Advertisement Categories/Food_and_Market_Subfolder/50/A04/SU/1.mp4,Food_and_Market_Subfolder,SU,6,5,17147,17156,2.335666666666667
9cf589c89c8a6a72144c2381124a2901,/content/drive/MyDrive/NeuroBioSense_Dataset/NeuroBioSense/Advertisement Categories/Food_and_Market_Subfolder/50/A04/D/1.mp4,Food_and_Market_Subfolder,D,2,4,84355,84360,1.3680333333333332
8179f048abff2a8adafa692406962c5b,/content/drive/MyDrive/NeuroBioSense_Dataset/NeuroBioSense/Advertisement Categories/Food_and_Market_Subfolder/50/A03/J/1.mp4,Food_and_Market_Subfolder,J,4,6,137183,137191,2.0687333333333333
47f5989f7ff14fae80491317a5aeda42,/content/drive/MyDrive/NeuroBioSense_Dataset/NeuroBioSense/Advertisement Categories/Food_and_Market_Subfolder/50/A03/SU/1.mp4,Food_and_Market_Subfolder,SU,6,6,111380,111385,1.3680333333333334
a2619b64deb513130f9115cd10887043,/content/drive/MyDrive/NeuroBioSense_Dataset/NeuroBioSense/Advertisement Categories/Food_and_Market_Subfolder/50/A02/J/1.mp4,Food_and_Market_Subfolder,J,4,0,119821,119832,2.7027
a6d1f3a92aeaf425d7caedbf300daa4e,/content/drive/MyDrive/NeuroBioSense_Dataset/NeuroBioSense/Advertisement Categories/Food_and_Market_Subfolder/50/A05/SU/1.mp4,Food_and_Market_Subfolder,SU,6,4,47416,47432,3.9039
